elapsed_seconds,fps,draw_calls
0.51,59.0,114.0
1.01,59.0,113.0
1.53,60.0,114.0
2.03,60.0,115.0
2.54,57.0,116.0
3.04,57.0,110.0
3.56,58.0,115.0
4.06,58.0,116.0
4.58,60.0,120.0
5.1,60.0,120.0
5.61,60.0,116.0
6.13,60.0,111.0
6.65,60.0,111.0
7.16,60.0,105.0
7.67,59.0,103.0
8.18,59.0,101.0
8.7,60.0,107.0
9.22,60.0,110.0
9.73,60.0,114.0
10.25,60.0,113.0
10.77,59.0,116.0
11.28,59.0,116.0
11.8,60.0,115.0
12.35,60.0,114.0
12.86,58.0,112.0
13.38,58.0,102.0
13.89,60.0,105.0
14.41,60.0,105.0
14.92,60.0,110.0
15.46,57.0,110.0
15.98,57.0,108.0
16.48,29.0,109.0
16.99,29.0,111.0
17.49,44.0,111.0
17.99,44.0,108.0
18.5,60.0,102.0
19.0,60.0,100.0
19.51,58.0,104.0
20.02,58.0,106.0
20.54,60.0,107.0
21.06,60.0,99.0
21.57,60.0,103.0
22.09,60.0,102.0
22.61,59.0,100.0
23.12,59.0,98.0
23.63,55.0,97.0
24.16,55.0,98.0
24.69,30.0,106.0
25.21,30.0,106.0
25.74,30.0,107.0
26.27,30.0,105.0
26.78,29.0,104.0
27.28,29.0,108.0
27.79,26.0,108.0
28.3,26.0,104.0
28.82,42.0,102.0
29.33,42.0,94.0
29.84,60.0,97.0
30.36,60.0,97.0
30.88,59.0,98.0
31.39,59.0,95.0
31.91,59.0,94.0
32.43,59.0,96.0
32.94,59.0,96.0
33.46,59.0,101.0
33.98,59.0,103.0
34.49,60.0,102.0
35.01,60.0,98.0
35.53,58.0,94.0
36.04,58.0,91.0
36.56,60.0,92.0
37.08,60.0,94.0
37.59,58.0,96.0
38.11,58.0,97.0
38.63,60.0,99.0
39.15,60.0,100.0
39.67,49.0,96.0
40.18,49.0,90.0
40.71,29.0,90.0
41.22,29.0,91.0
41.75,29.0,92.0
42.26,29.0,89.0
42.77,34.0,89.0
43.29,34.0,89.0
43.81,60.0,89.0
44.32,60.0,84.0
44.84,60.0,83.0
45.35,60.0,78.0
45.85,58.0,78.0
46.37,58.0,83.0
46.88,60.0,100.0
47.39,60.0,111.0
47.9,48.0,120.0
48.42,26.0,126.0
48.93,26.0,121.0
49.44,55.0,119.0
49.96,55.0,118.0
50.46,60.0,114.0
50.98,60.0,110.0
51.5,60.0,107.0
52.01,60.0,107.0
52.53,58.0,111.0
53.04,58.0,116.0
53.56,60.0,119.0
54.08,60.0,117.0
54.59,60.0,126.0
55.11,60.0,129.0
55.63,42.0,131.0
56.18,42.0,129.0
56.68,29.0,123.0
57.21,29.0,119.0
57.73,28.0,117.0
58.24,28.0,119.0
58.76,37.0,125.0
59.27,37.0,126.0
59.8,59.0,133.0
