elapsed_seconds,fps,draw_calls,rendered_objects,rendered_primitives,process_ms,physics_ms,static_memory_bytes,render_memory_bytes,viewport_cpu_ms,viewport_gpu_ms
0.51,32.0,75.0,433.0,121162.0,52.496,3.069,54802166.0,21054179.0,,
1.01,32.0,77.0,435.0,121654.0,41.966,6.504,54803374.0,21054179.0,,
1.52,32.0,76.0,434.0,121396.0,41.966,6.504,54798990.0,21054179.0,,
2.03,34.0,81.0,439.0,128996.0,36.386,4.665,54805366.0,21054179.0,,
2.54,34.0,82.0,440.0,129008.0,36.386,4.665,54800526.0,21054179.0,,
3.07,34.0,84.0,442.0,129100.0,37.513,8.153,54802014.0,21054179.0,,
3.57,34.0,84.0,442.0,129100.0,37.513,8.153,54807694.0,21054179.0,,
4.08,33.0,84.0,442.0,129100.0,44.572,4.941,54802590.0,21054179.0,,
4.59,33.0,86.0,444.0,129208.0,44.572,4.941,54809878.0,21054179.0,,
5.11,31.0,90.0,448.0,129520.0,37.343,4.726,54805302.0,21054179.0,,
5.61,33.0,88.0,446.0,125692.0,32.426,15.181,54805662.0,21054179.0,,
6.15,33.0,93.0,451.0,130300.0,32.426,15.181,54811270.0,21054179.0,,
6.66,35.0,103.0,461.0,136728.0,31.394,10.572,54809062.0,21054179.0,,
7.17,35.0,105.0,463.0,137476.0,31.394,10.572,54809782.0,21054179.0,,
7.68,31.0,107.0,465.0,138260.0,37.309,7.079,54810142.0,21054179.0,,
8.21,31.0,105.0,463.0,138236.0,37.309,7.079,54810286.0,21054179.0,,
8.72,31.0,104.0,462.0,138116.0,38.117,4.945,54810862.0,21054179.0,,
9.23,31.0,104.0,462.0,138116.0,38.117,4.945,54811222.0,21054179.0,,
9.76,31.0,104.0,462.0,138116.0,38.976,5.723,54815158.0,21054179.0,,
10.28,31.0,106.0,464.0,139500.0,38.976,5.723,54815734.0,21054179.0,,
10.81,33.0,105.0,463.0,134600.0,41.095,5.525,54816310.0,21054179.0,,
11.33,33.0,104.0,462.0,133360.0,41.095,5.525,54816670.0,21054179.0,,
11.86,31.0,109.0,467.0,136892.0,38.448,5.241,54817030.0,21054179.0,,
12.38,31.0,116.0,474.0,141496.0,38.448,5.241,54817390.0,21054179.0,,
12.9,31.0,115.0,473.0,141408.0,36.685,5.504,54822998.0,21054179.0,,
13.41,31.0,120.0,478.0,141852.0,36.685,5.504,54818110.0,21054179.0,,
13.93,30.0,119.0,477.0,141732.0,33.56,8.047,54818470.0,21054179.0,,
14.45,30.0,111.0,469.0,139432.0,33.56,8.047,54818830.0,21054179.0,,
14.98,32.0,119.0,477.0,145390.0,33.425,8.282,54825214.0,21054179.0,,
15.5,32.0,116.0,474.0,144804.0,33.425,8.282,54830822.0,21054179.0,,
16.01,29.0,117.0,475.0,145108.0,36.071,6.918,54825934.0,21054179.0,,
16.55,29.0,118.0,476.0,148228.0,36.071,6.918,54826078.0,21054179.0,,
17.07,30.0,115.0,473.0,144616.0,38.965,4.82,54826438.0,21054179.0,,
17.57,30.0,113.0,471.0,144288.0,38.965,4.82,54827014.0,21054179.0,,
18.08,30.0,111.0,469.0,143916.0,39.945,4.308,54827374.0,21054179.0,,
18.6,30.0,111.0,469.0,143916.0,39.945,4.308,54827518.0,21054179.0,,
19.12,31.0,109.0,467.0,141390.0,39.811,4.871,54827878.0,21054179.0,,
19.64,30.0,108.0,466.0,141302.0,45.462,4.847,54828238.0,21054179.0,,
20.15,30.0,113.0,471.0,144826.0,45.462,4.847,54828598.0,21054179.0,,
20.69,32.0,108.0,466.0,144454.0,45.202,4.299,54828958.0,21054179.0,,
21.2,32.0,111.0,469.0,146282.0,45.202,4.299,54829534.0,21054179.0,,
21.73,31.0,106.0,464.0,140852.0,46.138,4.315,54829678.0,21054179.0,,
22.24,31.0,105.0,463.0,140420.0,46.138,4.315,54830758.0,21054179.0,,
22.75,33.0,104.0,462.0,141988.0,37.765,4.541,54839638.0,21054179.0,,
23.28,33.0,99.0,457.0,134968.0,37.765,4.541,54839998.0,21054179.0,,
23.8,31.0,99.0,457.0,134968.0,49.059,5.33,54845606.0,21054179.0,,
24.3,31.0,95.0,453.0,132832.0,49.059,5.33,54845966.0,21054179.0,,
24.82,34.0,94.0,452.0,132232.0,44.829,4.135,54846110.0,21054179.0,,
25.33,34.0,94.0,452.0,132232.0,44.829,4.135,54846470.0,21054179.0,,
25.85,32.0,89.0,447.0,131446.0,34.456,5.03,54846830.0,21054179.0,,
26.36,32.0,88.0,446.0,130414.0,34.456,5.03,54847406.0,21054179.0,,
26.86,34.0,87.0,445.0,130006.0,33.956,4.541,54847766.0,21054179.0,,
27.4,34.0,87.0,445.0,130006.0,33.956,4.541,54848126.0,21054179.0,,
27.92,30.0,84.0,442.0,125314.0,41.445,5.183,54848486.0,21054179.0,,
28.45,30.0,82.0,440.0,125154.0,41.445,5.183,54848630.0,21054179.0,,
28.98,32.0,82.0,440.0,125154.0,43.195,3.99,54849206.0,21054179.0,,
29.49,32.0,82.0,440.0,125154.0,43.195,3.99,54849566.0,21054179.0,,
29.99,34.0,81.0,439.0,125010.0,47.163,4.846,54849926.0,21054179.0,,
30.5,34.0,81.0,439.0,122178.0,47.163,4.846,54850286.0,21054179.0,,
31.05,36.0,88.0,446.0,126202.0,31.391,6.197,54845398.0,21054179.0,,
31.55,36.0,79.0,437.0,115886.0,31.391,6.197,54845542.0,21054179.0,,
32.08,32.0,106.0,464.0,140184.0,44.532,7.646,54846118.0,21054179.0,,
32.6,32.0,111.0,469.0,142672.0,44.532,7.646,54846478.0,21054179.0,,
33.13,33.0,111.0,469.0,141456.0,39.419,8.017,54847366.0,21054179.0,,
33.64,30.0,114.0,472.0,141960.0,35.275,8.969,54860518.0,21054179.0,,
34.18,30.0,116.0,474.0,143280.0,35.275,8.969,54860878.0,21054179.0,,
34.68,31.0,112.0,470.0,141900.0,37.879,5.04,54861454.0,21054179.0,,
35.22,31.0,110.0,468.0,141432.0,37.879,5.04,54861814.0,21054179.0,,
35.74,30.0,110.0,468.0,141344.0,47.495,5.237,54861958.0,21054179.0,,
36.26,30.0,111.0,469.0,142180.0,47.495,5.237,54862534.0,21054179.0,,
36.79,32.0,111.0,469.0,142180.0,36.771,3.948,54862894.0,21054179.0,,
37.32,32.0,110.0,468.0,141156.0,36.771,3.948,54863038.0,21054179.0,,
37.83,31.0,107.0,465.0,137340.0,44.952,4.456,54863614.0,21054179.0,,
38.34,31.0,103.0,461.0,135312.0,44.952,4.456,54863974.0,21054179.0,,
38.85,33.0,105.0,463.0,136764.0,35.43,6.886,54864118.0,21054179.0,,
39.35,33.0,105.0,463.0,136764.0,35.43,6.886,54864478.0,21054179.0,,
39.88,30.0,103.0,461.0,136404.0,44.596,4.037,54864838.0,21054179.0,,
40.39,30.0,99.0,457.0,128228.0,44.596,4.037,54865414.0,21054179.0,,
40.93,33.0,96.0,454.0,123996.0,38.85,6.04,54865774.0,21054179.0,,
41.45,33.0,95.0,453.0,123876.0,38.85,6.04,54865918.0,21054179.0,,
41.97,33.0,95.0,453.0,123876.0,40.243,3.534,54866278.0,21054179.0,,
42.48,33.0,93.0,451.0,121844.0,40.243,3.534,54866638.0,21054179.0,,
42.98,34.0,91.0,449.0,121836.0,40.93,4.175,54866998.0,21054179.0,,
43.49,34.0,90.0,448.0,122880.0,40.93,4.175,54867574.0,21054179.0,,
44.0,32.0,88.0,446.0,122788.0,38.619,7.215,54867934.0,21054179.0,,
44.52,32.0,87.0,445.0,121580.0,38.619,7.215,54868294.0,21054179.0,,
45.03,35.0,85.0,443.0,121460.0,36.771,3.89,54868654.0,21054179.0,,
45.54,35.0,85.0,443.0,121372.0,36.771,3.89,54869014.0,21054179.0,,
46.05,34.0,86.0,444.0,121384.0,36.012,4.443,54869158.0,21054179.0,,
46.6,34.0,90.0,448.0,121740.0,36.012,4.443,54869734.0,21054179.0,,
47.1,35.0,94.0,452.0,123952.0,37.843,4.244,54870094.0,21054179.0,,
47.6,32.0,92.0,450.0,122620.0,44.451,5.258,54870238.0,21054179.0,,
48.11,32.0,80.0,438.0,119344.0,44.451,5.258,54876062.0,21054179.0,,
48.61,35.0,70.0,428.0,108820.0,32.227,8.231,54876422.0,21054179.0,,
49.13,35.0,82.0,440.0,125260.0,32.227,8.231,54877910.0,21054179.0,,
49.63,33.0,85.0,443.0,120800.0,41.885,5.904,54878270.0,21054179.0,,
50.14,33.0,82.0,440.0,120064.0,41.885,5.904,54897806.0,21054179.0,,
50.66,35.0,84.0,442.0,120054.0,33.855,3.356,54897950.0,21054179.0,,
51.17,35.0,83.0,441.0,117842.0,33.855,3.356,54898526.0,21054179.0,,
51.68,31.0,82.0,440.0,117762.0,34.686,3.735,54898886.0,21054179.0,,
52.19,31.0,75.0,433.0,116842.0,34.686,3.735,54899246.0,21054179.0,,
52.69,35.0,77.0,435.0,118294.0,33.503,4.063,54899606.0,21054179.0,,
53.22,35.0,76.0,434.0,118150.0,33.503,4.063,54899750.0,21054179.0,,
53.73,35.0,76.0,434.0,118150.0,43.582,4.436,54900326.0,21054179.0,,
54.24,35.0,72.0,430.0,116710.0,43.582,4.436,54900470.0,21054179.0,,
54.75,36.0,70.0,428.0,116550.0,30.358,3.494,54901046.0,21054179.0,,
55.25,36.0,64.0,422.0,113934.0,30.358,3.494,54901406.0,21054179.0,,
55.76,33.0,62.0,420.0,113562.0,38.815,3.738,54901550.0,21054179.0,,
56.28,33.0,64.0,422.0,111294.0,38.815,3.738,54902126.0,21054179.0,,
56.8,38.0,64.0,422.0,107650.0,32.531,5.923,54902486.0,21054179.0,,
57.31,38.0,66.0,424.0,107578.0,32.531,5.923,54902846.0,21054179.0,,
57.82,37.0,64.0,422.0,106194.0,38.245,4.007,54903206.0,21054179.0,,
58.33,37.0,64.0,422.0,106194.0,38.245,4.007,54903566.0,21054179.0,,
58.83,40.0,64.0,422.0,106194.0,36.87,5.205,54903926.0,21054179.0,,
59.35,40.0,63.0,421.0,106086.0,36.87,5.205,54904286.0,21054179.0,,
59.85,34.0,59.0,417.0,105750.0,35.643,4.088,54904646.0,21054179.0,,
60.39,34.0,57.0,415.0,105418.0,35.643,4.088,54905006.0,21054179.0,,
60.9,39.0,54.0,412.0,104770.0,37.014,3.664,54905366.0,21054179.0,,
61.41,39.0,53.0,411.0,104530.0,37.014,3.664,54905510.0,21054179.0,,
61.92,38.0,53.0,411.0,104530.0,31.596,4.693,54906086.0,21054179.0,,
62.43,38.0,52.0,410.0,104386.0,31.596,4.693,54906230.0,21054179.0,,
62.94,39.0,52.0,410.0,104386.0,36.685,5.851,54906806.0,21054179.0,,
63.46,39.0,50.0,408.0,104218.0,36.685,5.851,54907166.0,21054179.0,,
63.97,36.0,45.0,403.0,102178.0,33.604,4.089,54907526.0,21054179.0,,
64.49,36.0,45.0,403.0,102414.0,33.604,4.089,54907670.0,21054179.0,,
65.0,41.0,48.0,406.0,83538.0,32.261,5.355,54908246.0,21054179.0,,
65.5,41.0,76.0,434.0,120280.0,32.261,5.355,54908390.0,21054179.0,,
66.01,36.0,90.0,448.0,131340.0,40.8,6.42,54908966.0,21054179.0,,
66.51,36.0,97.0,455.0,141112.0,40.8,6.42,54909326.0,21054179.0,,
67.03,34.0,101.0,459.0,141640.0,33.593,14.611,54909470.0,21054179.0,,
67.53,34.0,101.0,459.0,141640.0,33.593,14.611,54910046.0,21054179.0,,
68.04,30.0,101.0,459.0,141772.0,35.803,13.961,54910190.0,21054179.0,,
68.57,30.0,106.0,464.0,142600.0,35.803,13.961,54910766.0,21054179.0,,
69.08,32.0,106.0,464.0,142512.0,47.493,4.197,54911126.0,21054179.0,,
69.59,32.0,107.0,465.0,142720.0,47.493,4.197,54911486.0,21054179.0,,
70.12,31.0,112.0,470.0,144172.0,39.881,4.226,54911846.0,21054179.0,,
70.63,33.0,115.0,473.0,142552.0,33.918,3.932,54912206.0,21054179.0,,
71.16,33.0,114.0,472.0,142464.0,33.918,3.932,54912566.0,21054179.0,,
71.66,30.0,113.0,471.0,142344.0,42.744,3.902,54912926.0,21054179.0,,
72.17,30.0,110.0,468.0,145060.0,42.744,3.902,54913286.0,21054179.0,,
72.69,32.0,106.0,464.0,136860.0,35.114,4.574,54942422.0,21054179.0,,
73.19,32.0,103.0,461.0,133328.0,35.114,4.574,54944462.0,21054179.0,,
73.7,32.0,103.0,461.0,133296.0,35.84,4.154,54944822.0,21054179.0,,
74.22,32.0,99.0,457.0,132972.0,35.84,4.154,54945182.0,21054179.0,,
74.73,34.0,98.0,456.0,132888.0,34.224,4.339,54945542.0,21054179.0,,
75.23,34.0,92.0,450.0,129552.0,34.224,4.339,54945686.0,21054179.0,,
75.75,32.0,71.0,429.0,119356.0,35.734,4.716,54946262.0,21054179.0,,
76.25,32.0,63.0,421.0,108652.0,35.734,4.716,54949014.0,21054179.0,,
76.77,37.0,61.0,419.0,106636.0,33.89,4.407,54946982.0,21054179.0,,
77.28,37.0,61.0,419.0,106724.0,33.89,4.407,54947342.0,21054179.0,,
77.79,35.0,61.0,419.0,106724.0,31.417,3.942,54947702.0,21054179.0,,
78.29,35.0,61.0,419.0,106812.0,31.417,3.942,54947846.0,21054179.0,,
78.79,37.0,60.0,418.0,106584.0,37.235,3.77,54948422.0,21054179.0,,
79.3,37.0,61.0,419.0,106812.0,37.235,3.77,54948782.0,21054179.0,,
79.81,33.0,61.0,419.0,106812.0,36.619,3.764,54948926.0,21054179.0,,
80.34,33.0,61.0,419.0,106812.0,36.619,3.764,54949502.0,21054179.0,,
80.84,38.0,61.0,419.0,106812.0,42.095,4.191,54949862.0,21054179.0,,
81.35,38.0,61.0,419.0,106812.0,42.095,4.191,54950222.0,21054179.0,,
81.85,36.0,61.0,419.0,106812.0,41.038,4.918,54950582.0,21054179.0,,
82.38,36.0,61.0,419.0,106812.0,41.038,4.918,54950942.0,21054179.0,,
82.9,37.0,61.0,419.0,106812.0,33.268,6.896,54951302.0,21054179.0,,
83.44,37.0,64.0,422.0,108216.0,33.268,6.896,54951662.0,21054179.0,,
83.95,34.0,66.0,424.0,108264.0,31.706,7.681,54952022.0,21054179.0,,
84.47,34.0,66.0,424.0,108264.0,31.706,7.681,54952382.0,21054179.0,,
84.98,37.0,64.0,422.0,108216.0,33.127,5.814,54952742.0,21054179.0,,
85.49,37.0,61.0,419.0,106812.0,33.127,5.814,54953102.0,21054179.0,,
86.01,36.0,61.0,419.0,106812.0,41.279,4.968,54953246.0,21054179.0,,
86.52,36.0,60.0,418.0,106584.0,41.279,4.968,54953822.0,21054179.0,,
87.04,38.0,59.0,417.0,106512.0,32.099,6.486,54953966.0,21054179.0,,
87.57,38.0,58.0,416.0,106488.0,32.099,6.486,54954326.0,21054179.0,,
88.1,35.0,57.0,415.0,106230.0,39.385,4.528,54954902.0,21054179.0,,
88.61,38.0,54.0,412.0,106170.0,41.108,3.803,54955046.0,21054179.0,,
89.14,38.0,52.0,410.0,105726.0,41.108,3.803,54955406.0,21054179.0,,
89.65,37.0,50.0,408.0,105258.0,35.594,4.431,54955982.0,21054179.0,,
90.17,37.0,49.0,407.0,105210.0,35.594,4.431,54956126.0,21054179.0,,
90.69,37.0,47.0,405.0,103602.0,36.879,4.083,54956486.0,21054179.0,,
91.2,37.0,45.0,403.0,100598.0,36.879,4.083,54956846.0,21054179.0,,
91.71,36.0,44.0,402.0,100334.0,32.378,8.528,54957206.0,21054179.0,,
92.23,36.0,44.0,402.0,100334.0,32.378,8.528,54957566.0,21054179.0,,
92.74,39.0,44.0,402.0,100334.0,43.174,5.135,54958142.0,21054179.0,,
93.26,39.0,43.0,401.0,96690.0,43.174,5.135,54958502.0,21054179.0,,
93.77,38.0,43.0,401.0,96778.0,35.411,4.029,54958862.0,21054179.0,,
94.28,38.0,43.0,401.0,96778.0,35.411,4.029,54959006.0,21054179.0,,
94.78,39.0,43.0,401.0,96778.0,29.564,4.602,54959582.0,21054179.0,,
95.29,39.0,43.0,401.0,96778.0,29.564,4.602,54959942.0,21054179.0,,
95.81,33.0,42.0,400.0,79886.0,35.996,4.28,54960302.0,21054179.0,,
96.34,33.0,42.0,400.0,79886.0,35.996,4.28,54960446.0,21054179.0,,
96.87,39.0,42.0,400.0,79886.0,47.086,4.358,54961022.0,21054179.0,,
97.37,39.0,42.0,400.0,79886.0,47.086,4.358,54961166.0,21054179.0,,
97.87,39.0,42.0,400.0,79886.0,42.498,4.769,54961526.0,21054179.0,,
98.38,39.0,33.0,391.0,75346.0,42.498,4.769,54961886.0,21054179.0,,
