frame,elapsed_seconds,frame_ms
0,0.036344,36.344
1,0.06625,29.906
2,0.099859,33.609
3,0.129693,29.834
4,0.177379,47.686
5,0.208322,30.943
6,0.24115,32.828
7,0.267975,26.825
8,0.295079,27.104
9,0.331411,36.332
10,0.354692,23.281
11,0.389917,35.225
12,0.412063,22.146
13,0.44974,37.677
14,0.472886,23.146
15,0.511127,38.241
16,0.530873,19.746
17,0.569025,38.152
18,0.593049,24.024
19,0.631296,38.247
20,0.65167,20.374
21,0.693933,42.263
22,0.716266,22.333
23,0.748704,32.438
24,0.779384,30.68
25,0.80633,26.946
26,0.832395,26.065
27,0.870223,37.828
28,0.893453,23.23
29,0.92663,33.177
30,0.953667,27.037
31,0.991681,38.014
32,1.01301,21.329
33,1.044998,31.988
34,1.072603,27.605
35,1.104643,32.04
36,1.135572,30.929
37,1.17942,43.848
38,1.201397,21.977
39,1.232255,30.858
40,1.257925,25.67
41,1.29393,36.005
42,1.321697,27.767
43,1.355643,33.946
44,1.377431,21.788
45,1.409549,32.118
46,1.436989,27.44
47,1.46228,25.291
48,1.486353,24.073
49,1.519947,33.594
50,1.544392,24.445
51,1.569106,24.714
52,1.601092,31.986
53,1.631798,30.706
54,1.653875,22.077
55,1.685685,31.81
56,1.70347,17.785
57,1.736155,32.685
58,1.758801,22.646
59,1.786404,27.603
60,1.811596,25.192
61,1.839673,28.077
62,1.860718,21.045
63,1.891911,31.193
64,1.915983,24.072
65,1.947842,31.859
66,1.974832,26.99
67,2.001504,26.672
68,2.033975,32.471
69,2.062344,28.369
70,2.08542,23.076
71,2.120844,35.424
72,2.150272,29.428
73,2.193772,43.5
74,2.214898,21.126
75,2.250985,36.087
76,2.27485,23.865
77,2.313783,38.933
78,2.329591,15.808
79,2.362316,32.725
80,2.384687,22.371
81,2.414138,29.451
82,2.446827,32.689
83,2.479672,32.845
84,2.514162,34.49
85,2.542292,28.13
86,2.578587,36.295
87,2.599681,21.094
88,2.638784,39.103
89,2.661637,22.853
90,2.700004,38.367
91,2.726438,26.434
92,2.761454,35.016
93,2.782453,20.999
94,2.821466,39.013
95,2.845516,24.05
96,2.883319,37.803
97,2.906517,23.198
98,2.942746,36.229
99,2.96266,19.914
100,3.002539,39.879
101,3.026215,23.676
102,3.066145,39.93
103,3.089261,23.116
104,3.128201,38.94
105,3.15215,23.949
106,3.207683,55.533
107,3.229208,21.525
108,3.265346,36.138
109,3.295324,29.978
110,3.328012,32.688
111,3.357353,29.341
112,3.391406,34.053
113,3.420423,29.017
114,3.453083,32.66
115,3.483758,30.675
116,3.512638,28.88
117,3.544401,31.763
118,3.574533,30.132
119,3.601308,26.775
120,3.634326,33.018
121,3.664954,30.628
122,3.697938,32.984
123,3.728671,30.733
124,3.761868,33.197
125,3.792652,30.784
126,3.826254,33.602
127,3.853902,27.648
128,3.889821,35.919
129,3.919364,29.543
130,3.953448,34.084
131,3.984132,30.684
132,4.017107,32.975
133,4.052787,35.68
134,4.083365,30.578
135,4.111006,27.641
136,4.144243,33.237
137,4.189112,44.869
138,4.22202,32.908
139,4.256671,34.651
140,4.285708,29.037
141,4.315952,30.244
142,4.343704,27.752
143,4.37255,28.846
144,4.400578,28.028
145,4.433567,32.989
146,4.462961,29.394
147,4.492606,29.645
148,4.523633,31.027
149,4.556947,33.314
150,4.585784,28.837
151,4.617022,31.238
152,4.644038,27.016
153,4.681412,37.374
154,4.706505,25.093
155,4.742742,36.237
156,4.764533,21.791
157,4.804251,39.718
158,4.821186,16.935
159,4.871154,49.968
160,4.901718,30.564
161,4.923323,21.605
162,4.959253,35.93
163,4.985493,26.24
164,5.023744,38.251
165,5.03993,16.186
166,5.079625,39.695
167,5.106699,27.074
168,5.142382,35.683
169,5.178417,36.035
170,5.211816,33.399
171,5.23835,26.534
172,5.271178,32.828
173,5.300027,28.849
174,5.327955,27.928
175,5.356475,28.52
176,5.386774,30.299
177,5.416084,29.31
178,5.440449,24.365
179,5.471375,30.926
180,5.498751,27.376
181,5.527785,29.034
182,5.550468,22.683
183,5.580724,30.256
184,5.612246,31.522
185,5.635655,23.409
186,5.675387,39.732
187,5.697699,22.312
188,5.729858,32.159
189,5.745883,16.025
190,5.785465,39.582
191,5.803208,17.743
192,5.830798,27.59
193,5.860479,29.681
194,5.885702,25.223
195,5.924128,38.426
196,5.942886,18.758
197,5.971859,28.973
198,5.998705,26.846
199,6.0205,21.795
200,6.053558,33.058
201,6.08058,27.022
202,6.103142,22.562
203,6.146559,43.417
204,6.181763,35.204
205,6.205937,24.174
206,6.242723,36.786
207,6.26774,25.017
208,6.295278,27.538
209,6.319001,23.723
210,6.346933,27.932
211,6.370149,23.216
212,6.403546,33.397
213,6.430135,26.589
214,6.465519,35.384
215,6.48828,22.761
216,6.530498,42.218
217,6.55587,25.372
218,6.589928,34.058
219,6.619632,29.704
220,6.660916,41.284
221,6.682851,21.935
222,6.711473,28.622
223,6.732927,21.454
224,6.770776,37.849
225,6.797205,26.429
226,6.827891,30.686
227,6.856973,29.082
228,6.884866,27.893
229,6.918478,33.612
230,6.94825,29.772
231,6.978464,30.214
232,7.009765,31.301
233,7.040423,30.658
234,7.068755,28.332
235,7.101671,32.916
236,7.135501,33.83
237,7.169557,34.056
238,7.213231,43.674
239,7.246117,32.886
240,7.283049,36.932
241,7.317526,34.477
242,7.354757,37.231
243,7.386039,31.282
244,7.420311,34.272
245,7.457356,37.045
246,7.486637,29.281
247,7.518795,32.158
248,7.551581,32.786
249,7.582066,30.485
250,7.613183,31.117
251,7.645644,32.461
252,7.677739,32.095
253,7.709578,31.839
254,7.742587,33.009
255,7.7721,29.513
256,7.803948,31.848
257,7.836581,32.633
258,7.86864,32.059
259,7.895456,26.816
260,7.930531,35.075
261,7.962632,32.101
262,7.996895,34.263
263,8.028374,31.479
264,8.065125,36.751
265,8.095899,30.774
266,8.130446,34.547
267,8.161041,30.595
268,8.206057,45.016
269,8.239045,32.988
270,8.270537,31.492
271,8.304567,34.03
272,8.334041,29.474
273,8.362558,28.517
274,8.395048,32.49
275,8.424374,29.326
276,8.456985,32.611
277,8.491081,34.096
278,8.523565,32.484
279,8.554759,31.194
280,8.59243,37.671
281,8.617299,24.869
282,8.655257,37.958
283,8.678457,23.2
284,8.717877,39.42
285,8.74272,24.843
286,8.780745,38.025
287,8.805205,24.46
288,8.83744,32.235
289,8.86936,31.92
290,8.900285,30.925
291,8.932882,32.597
292,8.963604,30.722
293,8.996184,32.58
294,9.026326,30.142
295,9.056212,29.886
296,9.088449,32.237
297,9.122409,33.96
298,9.15164,29.231
299,9.197283,45.643
300,9.230194,32.911
301,9.265638,35.444
302,9.295844,30.206
303,9.327347,31.503
304,9.360336,32.989
305,9.391179,30.843
306,9.424758,33.579
307,9.456598,31.84
308,9.491321,34.723
309,9.521131,29.81
310,9.553879,32.748
311,9.588717,34.838
312,9.610543,21.826
313,9.64691,36.367
314,9.670947,24.037
315,9.702556,31.609
316,9.728235,25.679
317,9.759768,31.533
318,9.781593,21.825
319,9.81489,33.297
320,9.844395,29.505
321,9.869136,24.741
322,9.90253,33.394
323,9.930894,28.364
324,9.962211,31.317
325,9.986894,24.683
326,10.019691,32.797
327,10.052557,32.866
328,10.081172,28.615
329,10.105588,24.416
330,10.13971,34.122
331,10.170605,30.895
332,10.218454,47.849
333,10.248905,30.451
334,10.278898,29.993
335,10.307945,29.047
336,10.343459,35.514
337,10.365889,22.43
338,10.398491,32.602
339,10.430132,31.641
340,10.461523,31.391
341,10.493195,31.672
342,10.524459,31.264
343,10.555922,31.463
344,10.586263,30.341
345,10.615079,28.816
346,10.649723,34.644
347,10.680331,30.608
348,10.713205,32.874
349,10.743523,30.318
350,10.774893,31.37
351,10.806738,31.845
352,10.837417,30.679
353,10.879386,41.969
354,10.898311,18.925
355,10.933782,35.471
356,10.966307,32.525
357,10.996492,30.185
358,11.031291,34.799
359,11.061748,30.457
360,11.095767,34.019
361,11.127649,31.882
362,11.157013,29.364
363,11.202951,45.938
364,11.234536,31.585
365,11.264917,30.381
366,11.294593,29.676
367,11.327564,32.971
368,11.361848,34.284
369,11.394369,32.521
370,11.426235,31.866
371,11.459902,33.667
372,11.491648,31.746
373,11.526201,34.553
374,11.557367,31.166
375,11.591627,34.26
376,11.623818,32.191
377,11.659837,36.019
378,11.694056,34.219
379,11.726111,32.055
380,11.759525,33.414
381,11.791483,31.958
382,11.823958,32.475
383,11.85558,31.622
384,11.885376,29.796
385,11.923699,38.323
386,11.9442,20.501
387,11.987605,43.405
388,12.013693,26.088
389,12.052115,38.422
390,12.077286,25.171
391,12.11836,41.074
392,12.142281,23.921
393,12.180583,38.302
394,12.216942,36.359
395,12.257857,40.915
396,12.281208,23.351
397,12.320302,39.094
398,12.346497,26.195
399,12.382198,35.701
400,12.408943,26.745
401,12.445584,36.641
402,12.470312,24.728
403,12.510637,40.325
404,12.536859,26.222
405,12.574572,37.713
406,12.596113,21.541
407,12.639647,43.534
408,12.66882,29.173
409,12.707551,38.731
410,12.733215,25.664
411,12.774363,41.148
412,12.803035,28.672
413,12.837923,34.888
414,12.860911,22.988
415,12.900035,39.124
416,12.925568,25.533
417,12.966857,41.289
418,12.992988,26.131
419,13.03565,42.662
420,13.062858,27.208
421,13.100841,37.983
422,13.129525,28.684
423,13.168007,38.482
424,13.207754,39.747
425,13.244437,36.683
426,13.278584,34.147
427,13.311206,32.622
428,13.342758,31.552
429,13.378285,35.527
430,13.405441,27.156
431,13.437925,32.484
432,13.462785,24.86
433,13.493444,30.659
434,13.524077,30.633
435,13.557572,33.495
436,13.581297,23.725
437,13.619692,38.395
438,13.650314,30.622
439,13.680641,30.327
440,13.710203,29.562
441,13.740697,30.494
442,13.771421,30.724
443,13.800198,28.777
444,13.838992,38.794
445,13.862547,23.555
446,13.889521,26.974
447,13.927976,38.455
448,13.956294,28.318
449,13.987474,31.18
450,14.017972,30.498
451,14.052862,34.89
452,14.073493,20.631
453,14.115364,41.871
454,14.145858,30.494
455,14.184951,39.093
456,14.225651,40.7
457,14.260353,34.702
458,14.28958,29.227
459,14.320854,31.274
460,14.349788,28.934
461,14.381153,31.365
462,14.40279,21.637
463,14.453977,51.187
464,14.473611,19.634
465,14.514766,41.155
466,14.54076,25.994
467,14.577307,36.547
468,14.611024,33.717
469,14.643139,32.115
470,14.670829,27.69
471,14.709103,38.274
472,14.740332,31.229
473,14.770637,30.305
474,14.806648,36.011
475,14.83773,31.082
476,14.872094,34.364
477,14.907648,35.554
478,14.947889,40.241
479,14.982267,34.378
480,15.011649,29.382
481,15.048668,37.019
482,15.082223,33.555
483,15.115999,33.776
484,15.149153,33.154
485,15.184155,35.002
486,15.235561,51.406
487,15.260962,25.401
488,15.297995,37.033
489,15.333244,35.249
490,15.366251,33.007
491,15.400956,34.705
492,15.434089,33.133
493,15.467112,33.023
494,15.496999,29.887
495,15.530551,33.552
496,15.562806,32.255
497,15.59589,33.084
498,15.632737,36.847
499,15.671278,38.541
500,15.700144,28.866
501,15.734907,34.763
502,15.769912,35.005
503,15.810764,40.852
504,15.842417,31.653
505,15.875431,33.014
506,15.913279,37.848
507,15.947307,34.028
508,15.979424,32.117
509,16.012393,32.969
510,16.045315,32.922
511,16.077814,32.499
512,16.110913,33.099
513,16.145602,34.689
514,16.177923,32.321
515,16.228175,50.252
516,16.251543,23.368
517,16.292722,41.179
518,16.317835,25.113
519,16.354057,36.222
520,16.38098,26.923
521,16.414535,33.555
522,16.437148,22.613
523,16.480888,43.74
524,16.506446,25.558
525,16.546981,40.535
526,16.574333,27.352
527,16.612598,38.265
528,16.639339,26.741
529,16.678672,39.333
530,16.704693,26.021
531,16.746517,41.824
532,16.772174,25.657
533,16.810076,37.902
534,16.836997,26.921
535,16.874807,37.81
536,16.90669,31.883
537,16.94275,36.06
538,16.977643,34.893
539,17.0093,31.657
540,17.04258,33.28
541,17.068489,25.909
542,17.107336,38.847
543,17.140683,33.347
544,17.171707,31.024
545,17.200796,29.089
546,17.248384,47.588
547,17.279829,31.445
548,17.313721,33.892
549,17.350997,37.276
550,17.376511,25.514
551,17.415278,38.767
552,17.441057,25.779
553,17.480107,39.05
554,17.505976,25.869
555,17.543264,37.288
556,17.568746,25.482
557,17.605869,37.123
558,17.636936,31.067
559,17.669616,32.68
560,17.69614,26.524
561,17.738585,42.445
562,17.76311,24.525
563,17.802893,39.783
564,17.831214,28.321
565,17.86847,37.256
566,17.894786,26.316
567,17.930008,35.222
568,17.95613,26.122
569,17.993544,37.414
570,18.018738,25.194
571,18.056388,37.65
572,18.077167,20.779
573,18.118808,41.641
574,18.144367,25.559
575,18.183208,38.841
576,18.212533,29.325
577,18.26203,49.497
578,18.283282,21.252
579,18.318393,35.111
580,18.343486,25.093
581,18.379743,36.257
582,18.402761,23.018
583,18.443233,40.472
584,18.468487,25.254
585,18.509623,41.136
586,18.534352,24.729
587,18.574318,39.966
588,18.603026,28.708
589,18.641832,38.806
590,18.666718,24.886
591,18.70598,39.262
592,18.731559,25.579
593,18.771389,39.83
594,18.793008,21.619
595,18.836332,43.324
596,18.861875,25.543
597,18.904951,43.076
598,18.930315,25.364
599,18.970165,39.85
600,18.994661,24.496
601,19.035133,40.472
602,19.059796,24.663
603,19.098851,39.055
604,19.123396,24.545
605,19.162789,39.393
606,19.186792,24.003
607,19.238761,51.969
608,19.264314,25.553
609,19.301934,37.62
610,19.327457,25.523
611,19.367661,40.204
612,19.392164,24.503
613,19.434396,42.232
614,19.459374,24.978
615,19.500248,40.874
616,19.523827,23.579
617,19.560714,36.887
618,19.586709,25.995
619,19.621133,34.424
620,19.643145,22.012
621,19.677347,34.202
622,19.702733,25.386
623,19.734925,32.192
624,19.761538,26.613
625,19.791111,29.573
626,19.818905,27.794
627,19.851195,32.29
628,19.880473,29.278
629,19.910408,29.935
630,19.941431,31.023
631,19.969512,28.081
632,20.003965,34.453
633,20.032666,28.701
634,20.062036,29.37
635,20.093125,31.089
636,20.125206,32.081
637,20.154838,29.632
638,20.189958,35.12
639,20.244085,54.127
640,20.27015,26.065
641,20.300327,30.177
642,20.331896,31.569
643,20.359945,28.049
644,20.398378,38.433
645,20.424357,25.979
646,20.463407,39.05
647,20.486629,23.222
648,20.521647,35.018
649,20.552411,30.764
650,20.585685,33.274
651,20.622497,36.812
652,20.648462,25.965
653,20.6891,40.638
654,20.721712,32.612
655,20.753612,31.9
656,20.786598,32.986
657,20.81782,31.222
658,20.849369,31.549
659,20.884489,35.12
660,20.915339,30.85
661,20.938896,23.557
662,20.98188,42.984
663,21.007832,25.952
664,21.047189,39.357
665,21.072781,25.592
666,21.112777,39.996
667,21.137681,24.904
668,21.177422,39.741
669,21.201433,24.011
670,21.253908,52.475
671,21.279629,25.721
672,21.321016,41.387
673,21.345043,24.027
674,21.383833,38.79
675,21.409039,25.206
676,21.443156,34.117
677,21.470222,27.066
678,21.500484,30.262
679,21.525082,24.598
680,21.557517,32.435
681,21.582423,24.906
682,21.613658,31.235
683,21.636154,22.496
684,21.672003,35.849
685,21.697695,25.692
686,21.728016,30.321
687,21.758361,30.345
688,21.780849,22.488
689,21.814709,33.86
690,21.842942,28.233
691,21.878034,35.092
692,21.898401,20.367
693,21.930624,32.223
694,21.958039,27.415
695,21.983904,25.865
696,22.016305,32.401
697,22.045184,28.879
698,22.07586,30.676
699,22.100324,24.464
700,22.135602,35.278
701,22.166147,30.545
702,22.19847,32.323
703,22.243058,44.588
704,22.269173,26.115
705,22.303001,33.828
706,22.331205,28.204
707,22.363748,32.543
708,22.392793,29.045
709,22.432508,39.715
710,22.453089,20.581
711,22.500335,47.246
712,22.521426,21.091
713,22.560932,39.506
714,22.585294,24.362
715,22.626446,41.152
716,22.64895,22.504
717,22.686297,37.347
718,22.71117,24.873
719,22.750068,38.898
720,22.776386,26.318
721,22.816274,39.888
722,22.836212,19.938
723,22.877726,41.514
724,22.90111,23.384
725,22.940639,39.529
726,22.965347,24.708
727,23.005621,40.274
728,23.030518,24.897
729,23.071487,40.969
730,23.094883,23.396
731,23.134742,39.859
732,23.159546,24.804
733,23.198444,38.898
734,23.220122,21.678
735,23.278806,58.684
736,23.299719,20.913
737,23.340854,41.135
738,23.365512,24.658
739,23.401132,35.62
740,23.430047,28.915
741,23.466027,35.98
742,23.495527,29.5
743,23.531276,35.749
744,23.560191,28.915
745,23.59811,37.919
746,23.619003,20.893
747,23.656442,37.439
748,23.681413,24.971
749,23.711702,30.289
750,23.73595,24.248
751,23.768952,33.002
752,23.795169,26.217
753,23.825735,30.566
754,23.851061,25.326
755,23.882851,31.79
756,23.905791,22.94
757,23.939203,33.412
758,23.960858,21.655
759,23.994709,33.851
760,24.017402,22.693
761,24.051212,33.81
762,24.075517,24.305
763,24.110414,34.897
764,24.137369,26.955
765,24.176734,39.365
766,24.196677,19.943
767,24.250757,54.08
768,24.271586,20.829
769,24.302448,30.862
770,24.327442,24.994
771,24.35805,30.608
772,24.380612,22.562
773,24.420547,39.935
774,24.445041,24.494
775,24.482864,37.823
776,24.511867,29.003
777,24.548096,36.229
778,24.568897,20.801
779,24.6089,40.003
780,24.633062,24.162
781,24.6726,39.538
782,24.69633,23.73
783,24.729406,33.076
784,24.757164,27.758
785,24.790841,33.677
786,24.816731,25.89
787,24.854438,37.707
788,24.878469,24.031
789,24.916079,37.61
790,24.940954,24.875
791,24.981588,40.634
792,25.004942,23.354
793,25.037915,32.973
794,25.069378,31.463
795,25.103799,34.421
796,25.134816,31.017
797,25.167559,32.743
798,25.195166,27.607
799,25.230989,35.823
800,25.26898,37.991
801,25.299303,30.323
802,25.330167,30.864
803,25.360066,29.899
804,25.390607,30.541
805,25.41241,21.803
806,25.454927,42.517
807,25.474889,19.962
808,25.505967,31.078
809,25.528767,22.8
810,25.559981,31.214
811,25.581104,21.123
812,25.613347,32.243
813,25.641486,28.139
814,25.666888,25.402
815,25.702566,35.678
816,25.729877,27.311
817,25.759845,29.968
818,25.785952,26.107
819,25.819744,33.792
820,25.847672,27.928
821,25.878374,30.702
822,25.903562,25.188
823,25.93624,32.678
824,25.964082,27.842
825,25.989944,25.862
826,26.023868,33.924
827,26.05181,27.942
828,26.082445,30.635
829,26.108027,25.582
830,26.145763,37.736
831,26.172115,26.352
832,26.19839,26.275
833,26.232285,33.895
834,26.272126,39.841
835,26.300474,28.348
836,26.328101,27.627
837,26.356081,27.98
838,26.381699,25.618
839,26.415929,34.23
840,26.445584,29.655
841,26.477864,32.28
842,26.509591,31.727
843,26.542195,32.604
844,26.569496,27.301
845,26.60968,40.184
846,26.636594,26.914
847,26.670776,34.182
848,26.700066,29.29
849,26.733982,33.916
850,26.765275,31.293
851,26.798827,33.552
852,26.830391,31.564
853,26.864069,33.678
854,26.895194,31.125
855,26.928889,33.695
856,26.958851,29.962
857,26.992308,33.457
858,27.023692,31.384
859,27.057256,33.564
860,27.086298,29.042
861,27.122889,36.591
862,27.153084,30.195
863,27.187483,34.399
864,27.218067,30.584
865,27.264553,46.486
866,27.296163,31.61
867,27.330917,34.754
868,27.362307,31.39
869,27.399699,37.392
870,27.42886,29.161
871,27.462802,33.942
872,27.494905,32.103
873,27.528977,34.072
874,27.559689,30.712
875,27.592537,32.848
876,27.627377,34.84
877,27.65407,26.693
878,27.684038,29.968
879,27.717036,32.998
880,27.741604,24.568
881,27.773081,31.477
882,27.802351,29.27
883,27.834054,31.703
884,27.864776,30.722
885,27.893369,28.593
886,27.918833,25.464
887,27.953053,34.22
888,27.97922,26.167
889,28.0104,31.18
890,28.040534,30.134
891,28.067832,27.298
892,28.102579,34.747
893,28.133392,30.813
894,28.166554,33.162
895,28.19768,31.126
896,28.220309,22.629
897,28.271119,50.81
898,28.294845,23.726
899,28.326706,31.861
900,28.355152,28.446
901,28.387113,31.961
902,28.414434,27.321
903,28.450795,36.361
904,28.480295,29.5
905,28.514274,33.979
906,28.544264,29.99
907,28.577821,33.557
908,28.608711,30.89
909,28.630683,21.972
910,28.671057,40.374
911,28.69421,23.153
912,28.732075,37.865
913,28.75989,27.815
914,28.79592,36.03
915,28.81966,23.74
916,28.856133,36.473
917,28.882176,26.043
918,28.914727,32.551
919,28.943693,28.966
920,28.977025,33.332
921,29.006025,29.0
922,29.03042,24.395
923,29.069865,39.445
924,29.089458,19.593
925,29.127512,38.054
926,29.149793,22.281
927,29.193544,43.751
928,29.212379,18.835
929,29.26492,52.541
930,29.288269,23.349
931,29.324421,36.152
932,29.34478,20.359
933,29.377588,32.808
934,29.40095,23.362
935,29.431048,30.098
936,29.452014,20.966
937,29.486592,34.578
938,29.509337,22.745
939,29.534356,25.019
940,29.564317,29.961
941,29.584297,19.98
942,29.616731,32.434
943,29.639991,23.26
944,29.667738,27.747
945,29.692964,25.226
946,29.719157,26.193
947,29.747579,28.422
948,29.774398,26.819
949,29.800627,26.229
950,29.83089,30.263
951,29.85474,23.85
952,29.883556,28.816
953,29.907053,23.497
954,29.936154,29.101
955,29.96103,24.876
956,29.988507,27.477
957,30.014724,26.217
958,30.042027,27.303
959,30.064911,22.884
960,30.096153,31.242
961,30.123486,27.333
962,30.155067,31.581
963,30.183413,28.346
964,30.209224,25.811
965,30.237919,28.695
966,30.274613,36.694
967,30.295926,21.313
968,30.329058,33.132
969,30.352342,23.284
970,30.381987,29.645
971,30.404507,22.52
972,30.440124,35.617
973,30.460641,20.517
974,30.500832,40.191
975,30.520807,19.975
976,30.552356,31.549
977,30.578468,26.112
978,30.613847,35.379
979,30.634131,20.284
980,30.678484,44.353
981,30.699512,21.028
982,30.738995,39.483
983,30.762099,23.104
984,30.800594,38.495
985,30.819181,18.587
986,30.86047,41.289
987,30.883591,23.121
988,30.921402,37.811
989,30.944158,22.756
990,30.982895,38.737
991,30.999684,16.789
992,31.045431,45.747
993,31.071561,26.13
994,31.105916,34.355
995,31.135122,29.206
996,31.172295,37.173
997,31.191471,19.176
998,31.237486,46.015
999,31.257959,20.473
1000,31.319058,61.099
1001,31.339382,20.324
1002,31.373368,33.986
1003,31.407421,34.053
1004,31.439709,32.288
1005,31.474023,34.314
1006,31.504753,30.73
1007,31.535513,30.76
1008,31.554725,19.212
1009,31.59645,41.725
1010,31.620311,23.861
1011,31.656489,36.178
1012,31.679445,22.956
1013,31.711993,32.548
1014,31.730817,18.824
1015,31.766395,35.578
1016,31.788178,21.783
1017,31.822,33.822
1018,31.852859,30.859
1019,31.875673,22.814
1020,31.910175,34.502
1021,31.934179,24.004
1022,31.964328,30.149
1023,31.997936,33.608
1024,32.027309,29.373
1025,32.048795,21.486
1026,32.084105,35.31
1027,32.108149,24.044
1028,32.14501,36.861
1029,32.167882,22.872
1030,32.211642,43.76
1031,32.237536,25.894
1032,32.285672,48.136
1033,32.311186,25.514
1034,32.342869,31.683
1035,32.365537,22.668
1036,32.408643,43.106
1037,32.432017,23.374
1038,32.472842,40.825
1039,32.496913,24.071
1040,32.539763,42.85
1041,32.563785,24.022
1042,32.603765,39.98
1043,32.629772,26.007
1044,32.670311,40.539
1045,32.695014,24.703
1046,32.736585,41.571
1047,32.766029,29.444
1048,32.806672,40.643
1049,32.831952,25.28
1050,32.870632,38.68
1051,32.892846,22.214
1052,32.934303,41.457
1053,32.959814,25.511
1054,33.006847,47.033
1055,33.027223,20.376
1056,33.069432,42.209
1057,33.095186,25.754
1058,33.132224,37.038
1059,33.159071,26.847
1060,33.200134,41.063
1061,33.224502,24.368
1062,33.26449,39.988
1063,33.303848,39.358
1064,33.336304,32.456
1065,33.3688,32.496
1066,33.397637,28.837
1067,33.428065,30.428
1068,33.460267,32.202
1069,33.490065,29.798
1070,33.520319,30.254
1071,33.554064,33.745
1072,33.577621,23.557
1073,33.613166,35.545
1074,33.642454,29.288
1075,33.673827,31.373
1076,33.705556,31.729
1077,33.735742,30.186
1078,33.76771,31.968
1079,33.7987,30.99
1080,33.830337,31.637
1081,33.860495,30.158
1082,33.890731,30.236
1083,33.919593,28.862
1084,33.95274,33.147
1085,33.982996,30.256
1086,34.015726,32.73
1087,34.047208,31.482
1088,34.076793,29.585
1089,34.110312,33.519
1090,34.142293,31.981
1091,34.177194,34.901
1092,34.210274,33.08
1093,34.242955,32.681
1094,34.288193,45.238
1095,34.315564,27.371
1096,34.351311,35.747
1097,34.376992,25.681
1098,34.416518,39.526
1099,34.446871,30.353
1100,34.484324,37.453
1101,34.51075,26.426
1102,34.549306,38.556
1103,34.576082,26.776
1104,34.612548,36.466
1105,34.638374,25.826
1106,34.681391,43.017
1107,34.707462,26.071
1108,34.749155,41.693
1109,34.77474,25.585
1110,34.817033,42.293
1111,34.843333,26.3
1112,34.885648,42.315
1113,34.911767,26.119
1114,34.953471,41.704
1115,34.978783,25.312
1116,35.021078,42.295
1117,35.045085,24.007
1118,35.083894,38.809
1119,35.110082,26.188
1120,35.149183,39.101
1121,35.17405,24.867
1122,35.217999,43.949
1123,35.239555,21.556
1124,35.297655,58.1
1125,35.323039,25.384
1126,35.360794,37.755
1127,35.388018,27.224
1128,35.429428,41.41
1129,35.455208,25.78
1130,35.498011,42.803
1131,35.523133,25.122
1132,35.563632,40.499
1133,35.588745,25.113
1134,35.623002,34.257
1135,35.650649,27.647
1136,35.682738,32.089
1137,35.708712,25.974
1138,35.74234,33.628
1139,35.76403,21.69
1140,35.798466,34.436
1141,35.827278,28.812
1142,35.859271,31.993
1143,35.885188,25.917
1144,35.92048,35.292
1145,35.948596,28.116
1146,35.980843,32.247
1147,36.011653,30.81
1148,36.039548,27.895
1149,36.072698,33.15
1150,36.100673,27.975
1151,36.135559,34.886
1152,36.162101,26.542
1153,36.198975,36.874
1154,36.231115,32.14
1155,36.2606,29.485
1156,36.303937,43.337
1157,36.328527,24.59
1158,36.363587,35.06
1159,36.385736,22.149
1160,36.431183,45.447
1161,36.454207,23.024
1162,36.494145,39.938
1163,36.519627,25.482
1164,36.558806,39.179
1165,36.58406,25.254
1166,36.624789,40.729
1167,36.651001,26.212
1168,36.691195,40.194
1169,36.717594,26.399
1170,36.754598,37.004
1171,36.787191,32.593
1172,36.821913,34.722
1173,36.853792,31.879
1174,36.889042,35.25
1175,36.920824,31.782
1176,36.954087,33.263
1177,36.985621,31.534
1178,37.017474,31.853
1179,37.051362,33.888
1180,37.076194,24.832
1181,37.114119,37.925
1182,37.13622,22.101
1183,37.179022,42.802
1184,37.203127,24.105
1185,37.242461,39.334
1186,37.2662,23.739
1187,37.318049,51.849
1188,37.347651,29.602
1189,37.385368,37.717
1190,37.410528,25.16
1191,37.441001,30.473
1192,37.47289,31.889
1193,37.502229,29.339
1194,37.534377,32.148
1195,37.559156,24.779
1196,37.592958,33.802
1197,37.617022,24.064
1198,37.650397,33.375
1199,37.674833,24.436
1200,37.70852,33.687
1201,37.730394,21.874
1202,37.765586,35.192
1203,37.791951,26.365
1204,37.825218,33.267
1205,37.848041,22.823
1206,37.88067,32.629
1207,37.910891,30.221
1208,37.940339,29.448
1209,37.966025,25.686
1210,37.999659,33.634
1211,38.027656,27.997
1212,38.058751,31.095
1213,38.08672,27.969
1214,38.118775,32.055
1215,38.154668,35.893
1216,38.184344,29.676
1217,38.220414,36.07
1218,38.240988,20.574
1219,38.274975,33.987
1220,38.310377,35.402
1221,38.342259,31.882
1222,38.363055,20.796
1223,38.405289,42.234
1224,38.429488,24.199
1225,38.469001,39.513
1226,38.492554,23.553
1227,38.533938,41.384
1228,38.557719,23.781
1229,38.600852,43.133
1230,38.619727,18.875
1231,38.663823,44.096
1232,38.687167,23.344
1233,38.727483,40.316
1234,38.752175,24.692
1235,38.789397,37.222
1236,38.81658,27.183
1237,38.853929,37.349
1238,38.887741,33.812
1239,38.920356,32.615
1240,38.956196,35.84
1241,38.988672,32.476
1242,39.021678,33.006
1243,39.051375,29.697
1244,39.08555,34.175
1245,39.115677,30.127
1246,39.150126,34.449
1247,39.181824,31.698
1248,39.213363,31.539
1249,39.251549,38.186
1250,39.278453,26.904
1251,39.329459,51.006
1252,39.354982,25.523
1253,39.392549,37.567
1254,39.416171,23.622
1255,39.458179,42.008
1256,39.48259,24.411
1257,39.523849,41.259
1258,39.550538,26.689
1259,39.585317,34.779
1260,39.610859,25.542
1261,39.646099,35.24
1262,39.667998,21.899
1263,39.700512,32.514
1264,39.728718,28.206
1265,39.762262,33.544
1266,39.790868,28.606
1267,39.820007,29.139
1268,39.850745,30.738
1269,39.879352,28.607
1270,39.911013,31.661
1271,39.936284,25.271
1272,39.968726,32.442
1273,39.995399,26.673
1274,40.025966,30.567
1275,40.051989,26.023
1276,40.082825,30.836
1277,40.117413,34.588
1278,40.145337,27.924
1279,40.18555,40.213
1280,40.205397,19.847
1281,40.241493,36.096
1282,40.267073,25.58
1283,40.312095,45.022
1284,40.333904,21.809
1285,40.368273,34.369
1286,40.392729,24.456
1287,40.429162,36.433
1288,40.453973,24.811
1289,40.491015,37.042
1290,40.513002,21.987
1291,40.553125,40.123
1292,40.575614,22.489
1293,40.613598,37.984
1294,40.640097,26.499
1295,40.67755,37.453
1296,40.702643,25.093
1297,40.742393,39.75
1298,40.76426,21.867
1299,40.803081,38.821
1300,40.827424,24.343
1301,40.864307,36.883
1302,40.890688,26.381
1303,40.928014,37.326
1304,40.94749,19.476
1305,40.989972,42.482
1306,41.013168,23.196
1307,41.051088,37.92
1308,41.07644,25.352
1309,41.114752,38.312
1310,41.135163,20.411
1311,41.173927,38.764
1312,41.19696,23.033
1313,41.234935,37.975
1314,41.260795,25.86
1315,41.306273,45.478
1316,41.33493,28.657
1317,41.364137,29.207
1318,41.395189,31.052
1319,41.419612,24.423
1320,41.452764,33.152
1321,41.475076,22.312
1322,41.505694,30.618
1323,41.5275,21.806
1324,41.559707,32.207
1325,41.582298,22.591
1326,41.612291,29.993
1327,41.63914,26.849
1328,41.666608,27.468
1329,41.699557,32.949
1330,41.724501,24.944
1331,41.751434,26.933
1332,41.778824,27.39
1333,41.808796,29.972
1334,41.829787,20.991
1335,41.864345,34.558
1336,41.888054,23.709
1337,41.9239,35.846
1338,41.947826,23.926
1339,41.973186,25.36
1340,42.005758,32.572
1341,42.03129,25.532
1342,42.057479,26.189
1343,42.091505,34.026
1344,42.121938,30.433
1345,42.149949,28.011
1346,42.185273,35.324
1347,42.209942,24.669
1348,42.242693,32.751
1349,42.261855,19.162
1350,42.313056,51.201
1351,42.331694,18.638
1352,42.366311,34.617
1353,42.39404,27.729
1354,42.427606,33.566
1355,42.457877,30.271
1356,42.481859,23.982
1357,42.514874,33.015
1358,42.544442,29.568
1359,42.576326,31.884
1360,42.608657,32.331
1361,42.636241,27.584
1362,42.672128,35.887
1363,42.701763,29.635
1364,42.737025,35.262
1365,42.767933,30.908
1366,42.797144,29.211
1367,42.825115,27.971
1368,42.858836,33.721
1369,42.891065,32.229
1370,42.924919,33.854
1371,42.952571,27.652
1372,42.984776,32.205
1373,43.010809,26.033
1374,43.044722,33.913
1375,43.073403,28.681
1376,43.105062,31.659
1377,43.134346,29.284
1378,43.165087,30.741
1379,43.194929,29.842
1380,43.225931,31.002
1381,43.258799,32.868
1382,43.287057,28.258
1383,43.333158,46.101
1384,43.36108,27.922
1385,43.393918,32.838
1386,43.424578,30.66
1387,43.4536,29.022
1388,43.48517,31.57
1389,43.517358,32.188
1390,43.547614,30.256
1391,43.579647,32.033
1392,43.60812,28.473
1393,43.637721,29.601
1394,43.661017,23.296
1395,43.693503,32.486
1396,43.719721,26.218
1397,43.748277,28.556
1398,43.775373,27.096
1399,43.800675,25.302
1400,43.832226,31.551
1401,43.858916,26.69
1402,43.883145,24.229
1403,43.915052,31.907
1404,43.941285,26.233
1405,43.967481,26.196
1406,43.997056,29.575
1407,44.017526,20.47
1408,44.053617,36.091
1409,44.076324,22.707
1410,44.102927,26.603
1411,44.129832,26.905
1412,44.165046,35.214
1413,44.184756,19.71
1414,44.224252,39.496
1415,44.24676,22.508
1416,44.275728,28.968
1417,44.301741,26.013
1418,44.343228,41.487
1419,44.368346,25.118
1420,44.402883,34.537
1421,44.424316,21.433
1422,44.460046,35.73
1423,44.480966,20.92
1424,44.524548,43.582
1425,44.546631,22.083
1426,44.584466,37.835
1427,44.606703,22.237
1428,44.643069,36.366
1429,44.664546,21.477
1430,44.705743,41.197
1431,44.727633,21.89
1432,44.765415,37.782
1433,44.784845,19.43
1434,44.825812,40.967
1435,44.848801,22.989
1436,44.885184,36.383
1437,44.908151,22.967
1438,44.941396,33.245
1439,44.9673,25.904
1440,45.005443,38.143
1441,45.028866,23.423
1442,45.066574,37.708
1443,45.087055,20.481
1444,45.129395,42.34
1445,45.152228,22.833
1446,45.189096,36.868
1447,45.209369,20.273
1448,45.251172,41.803
1449,45.27429,23.118
1450,45.309607,35.317
1451,45.347041,37.434
1452,45.375248,28.207
1453,45.398478,23.23
1454,45.430309,31.831
1455,45.455829,25.52
1456,45.483282,27.453
1457,45.515612,32.33
1458,45.53973,24.118
1459,45.571336,31.606
1460,45.597648,26.312
1461,45.627328,29.68
1462,45.650449,23.121
1463,45.680876,30.427
1464,45.70013,19.254
1465,45.733729,33.599
1466,45.756878,23.149
1467,45.783817,26.939
1468,45.809646,25.829
1469,45.835552,25.906
1470,45.864926,29.374
1471,45.891799,26.873
1472,45.917223,25.424
1473,45.948873,31.65
1474,45.972072,23.199
1475,46.00236,30.288
1476,46.024071,21.711
1477,46.053474,29.403
1478,46.080252,26.778
1479,46.11222,31.968
1480,46.145995,33.775
1481,46.172192,26.197
1482,46.193135,20.943
1483,46.228327,35.192
1484,46.25204,23.713
1485,46.281344,29.304
1486,46.307254,25.91
1487,46.351518,44.264
1488,46.373785,22.267
1489,46.41206,38.275
1490,46.43318,21.12
1491,46.472641,39.461
1492,46.495859,23.218
1493,46.532908,37.049
1494,46.553294,20.386
1495,46.59837,45.076
1496,46.616507,18.137
1497,46.654995,38.488
1498,46.678541,23.546
1499,46.713551,35.01
1500,46.734566,21.015
1501,46.774368,39.802
1502,46.798207,23.839
1503,46.834943,36.736
1504,46.858681,23.738
1505,46.895434,36.753
1506,46.925638,30.204
1507,46.957315,31.677
1508,46.978139,20.824
1509,47.021208,43.069
1510,47.041967,20.759
1511,47.079229,37.262
1512,47.100265,21.036
1513,47.140756,40.491
1514,47.1635,22.744
1515,47.199559,36.059
1516,47.220184,20.625
1517,47.261974,41.79
1518,47.285346,23.372
1519,47.338149,52.803
1520,47.362257,24.108
1521,47.40235,40.093
1522,47.419896,17.546
1523,47.465488,45.592
1524,47.485562,20.074
1525,47.522528,36.966
1526,47.546361,23.833
1527,47.582556,36.195
1528,47.602912,20.356
1529,47.64058,37.668
1530,47.665417,24.837
1531,47.688195,22.778
1532,47.721143,32.948
1533,47.748895,27.752
1534,47.771513,22.618
1535,47.807607,36.094
1536,47.836372,28.765
1537,47.864221,27.849
1538,47.88487,20.649
1539,47.922492,37.622
1540,47.941987,19.495
1541,47.97279,30.803
1542,47.997399,24.609
1543,48.02267,25.271
1544,48.054492,31.822
1545,48.08094,26.448
1546,48.110202,29.262
1547,48.146061,35.859
1548,48.17281,26.749
1549,48.200279,27.469
1550,48.23315,32.871
1551,48.259737,26.587
1552,48.283596,23.859
1553,48.315067,31.471
1554,48.35402,38.953
1555,48.382348,28.328
1556,48.412702,30.354
1557,48.430879,18.177
1558,48.471225,40.346
1559,48.498604,27.379
1560,48.530042,31.438
1561,48.548068,18.026
1562,48.587929,39.861
1563,48.610474,22.545
1564,48.640877,30.403
1565,48.669182,28.305
1566,48.6943,25.118
1567,48.729496,35.196
1568,48.757816,28.32
1569,48.789423,31.607
1570,48.814376,24.953
1571,48.849058,34.682
1572,48.877417,28.359
1573,48.910792,33.375
1574,48.938228,27.436
1575,48.96711,28.882
1576,49.004315,37.205
1577,49.02734,23.025
1578,49.068423,41.083
1579,49.086327,17.904
1580,49.128788,42.461
1581,49.149553,20.765
1582,49.189942,40.389
1583,49.212996,23.054
1584,49.249558,36.562
1585,49.274963,25.405
1586,49.301472,26.509
1587,49.348477,47.005
1588,49.378329,29.852
1589,49.405856,27.527
1590,49.432143,26.287
1591,49.459875,27.732
1592,49.492733,32.858
1593,49.516982,24.249
1594,49.552287,35.305
1595,49.576233,23.946
1596,49.602665,26.432
1597,49.634202,31.537
1598,49.659789,25.587
1599,49.684292,24.503
1600,49.717061,32.769
1601,49.743674,26.613
1602,49.772306,28.632
1603,49.797605,25.299
1604,49.828223,30.618
1605,49.856371,28.148
1606,49.883112,26.741
1607,49.915398,32.286
1608,49.942045,26.647
1609,49.969224,27.179
1610,49.998754,29.53
1611,50.020141,21.387
1612,50.054445,34.304
1613,50.076937,22.492
1614,50.111564,34.627
1615,50.140947,29.383
1616,50.176681,35.734
1617,50.197763,21.082
1618,50.228922,31.159
1619,50.255382,26.46
1620,50.280202,24.82
1621,50.314193,33.991
1622,50.353582,39.389
1623,50.386747,33.165
1624,50.417105,30.358
1625,50.447103,29.998
1626,50.47639,29.287
1627,50.507119,30.729
1628,50.53427,27.151
1629,50.568823,34.553
1630,50.598704,29.881
1631,50.632515,33.811
1632,50.661408,28.893
1633,50.69537,33.962
1634,50.726068,30.698
1635,50.759961,33.893
1636,50.792242,32.281
1637,50.825123,32.881
1638,50.852656,27.533
1639,50.888077,35.421
1640,50.919206,31.129
1641,50.952639,33.433
1642,50.981873,29.234
1643,51.015204,33.331
1644,51.045682,30.478
1645,51.080669,34.987
1646,51.109305,28.636
1647,51.142251,32.946
1648,51.17293,30.679
1649,51.206226,33.296
1650,51.233496,27.27
1651,51.269117,35.621
1652,51.299654,30.537
1653,51.333834,34.18
1654,51.377956,44.122
1655,51.406614,28.658
1656,51.437054,30.44
1657,51.471423,34.369
1658,51.501552,30.129
1659,51.534277,32.725
1660,51.564325,30.048
1661,51.596984,32.659
1662,51.61749,20.506
1663,51.658034,40.544
1664,51.679591,21.557
1665,51.709009,29.418
1666,51.730141,21.132
1667,51.763081,32.94
1668,51.781475,18.394
1669,51.814168,32.693
1670,51.837732,23.564
1671,51.865682,27.95
1672,51.885378,19.696
1673,51.916745,31.367
1674,51.94076,24.015
1675,51.966946,26.186
1676,51.992579,25.633
1677,52.019692,27.113
1678,52.050685,30.993
1679,52.073106,22.421
1680,52.107754,34.648
1681,52.134685,26.931
1682,52.161203,26.518
1683,52.191423,30.22
1684,52.21633,24.907
1685,52.248081,31.751
1686,52.27274,24.659
1687,52.298913,26.173
1688,52.332547,33.634
1689,52.370775,38.228
1690,52.396964,26.189
1691,52.42835,31.386
1692,52.456632,28.282
1693,52.48632,29.688
1694,52.516069,29.749
1695,52.545782,29.713
1696,52.575018,29.236
1697,52.598793,23.775
1698,52.630785,31.992
1699,52.655861,25.076
1700,52.691639,35.778
1701,52.717599,25.96
1702,52.748589,30.99
1703,52.775942,27.353
1704,52.812302,36.36
1705,52.83343,21.128
1706,52.869309,35.879
1707,52.893035,23.726
1708,52.928716,35.681
1709,52.951938,23.222
1710,52.988937,36.999
1711,53.013847,24.91
1712,53.048401,34.554
1713,53.069662,21.261
1714,53.10587,36.208
1715,53.128932,23.062
1716,53.16957,40.638
1717,53.189388,19.818
1718,53.223989,34.601
1719,53.249579,25.59
1720,53.286785,37.206
1721,53.307062,20.277
1722,53.356914,49.852
1723,53.377135,20.221
1724,53.407597,30.462
1725,53.432915,25.318
1726,53.459591,26.676
1727,53.484721,25.13
1728,53.513391,28.67
1729,53.533734,20.343
1730,53.566524,32.79
1731,53.5896,23.076
1732,53.61568,26.08
1733,53.643954,28.274
1734,53.668064,24.11
1735,53.700727,32.663
1736,53.725554,24.827
1737,53.751927,26.373
1738,53.780959,29.032
1739,53.799491,18.532
1740,53.832336,32.845
1741,53.859139,26.803
1742,53.886,26.861
1743,53.910225,24.225
1744,53.937305,27.08
1745,53.965515,28.21
1746,53.991595,26.08
1747,54.018712,27.117
1748,54.049099,30.387
1749,54.072377,23.278
1750,54.100548,28.171
1751,54.130011,29.463
1752,54.156072,26.061
1753,54.18918,33.108
1754,54.216898,27.718
1755,54.237475,20.577
1756,54.272035,34.56
1757,54.291299,19.264
1758,54.32339,32.091
1759,54.359485,36.095
1760,54.383703,24.218
1761,54.414788,31.085
1762,54.442568,27.78
1763,54.475636,33.068
1764,54.500824,25.188
1765,54.535819,34.995
1766,54.564117,28.298
1767,54.597586,33.469
1768,54.626394,28.808
1769,54.652197,25.803
1770,54.685768,33.571
1771,54.714985,29.217
1772,54.746752,31.767
1773,54.775716,28.964
1774,54.807962,32.246
1775,54.834019,26.057
1776,54.868603,34.584
1777,54.898397,29.794
1778,54.92934,30.943
1779,54.95716,27.82
1780,54.984859,27.699
1781,55.015401,30.542
1782,55.04784,32.439
1783,55.075992,28.152
1784,55.107347,31.355
1785,55.135557,28.21
1786,55.166326,30.769
1787,55.195647,29.321
1788,55.226754,31.107
1789,55.253947,27.193
1790,55.284906,30.959
1791,55.311501,26.595
1792,55.344296,32.795
1793,55.387976,43.68
1794,55.419099,31.123
1795,55.447772,28.673
1796,55.479222,31.45
1797,55.506906,27.684
1798,55.527084,20.178
1799,55.565215,38.131
1800,55.584126,18.911
1801,55.619684,35.558
1802,55.634058,14.374
1803,55.668331,34.273
1804,55.690354,22.023
1805,55.713078,22.724
1806,55.741013,27.935
1807,55.759797,18.784
1808,55.791364,31.567
1809,55.810353,18.989
1810,55.841302,30.949
1811,55.860285,18.983
1812,55.889038,28.753
1813,55.911322,22.284
1814,55.94034,29.018
1815,55.963092,22.752
1816,55.984559,21.467
1817,56.015338,30.779
1818,56.034677,19.339
1819,56.066849,32.172
1820,56.084031,17.182
1821,56.120907,36.876
1822,56.139248,18.341
1823,56.177556,38.308
1824,56.195066,17.51
1825,56.227908,32.842
1826,56.246429,18.521
1827,56.275557,29.128
1828,56.297682,22.125
1829,56.329151,31.469
1830,56.366908,37.757
1831,56.39218,25.272
1832,56.417298,25.118
1833,56.449772,32.474
1834,56.476261,26.489
1835,56.502233,25.972
1836,56.525284,23.051
1837,56.559773,34.489
1838,56.577961,18.188
1839,56.6143,36.339
1840,56.635949,21.649
1841,56.670566,34.617
1842,56.688285,17.719
1843,56.719224,30.939
1844,56.745977,26.753
1845,56.773595,27.618
1846,56.80222,28.625
1847,56.822969,20.749
1848,56.855233,32.264
1849,56.877557,22.324
1850,56.91043,32.873
1851,56.929114,18.684
1852,56.965349,36.235
1853,56.983135,17.786
1854,57.015264,32.129
1855,57.04116,25.896
1856,57.064655,23.495
1857,57.096909,32.254
1858,57.125257,28.348
1859,57.14984,24.583
1860,57.173657,23.817
1861,57.207945,34.288
1862,57.227595,19.65
1863,57.263198,35.603
1864,57.281452,18.254
1865,57.310674,29.222
1866,57.336785,26.111
1867,57.381918,45.133
1868,57.401506,19.588
1869,57.42812,26.614
1870,57.455756,27.636
1871,57.478103,22.347
1872,57.508822,30.719
1873,57.532564,23.742
1874,57.554644,22.08
1875,57.577564,22.92
1876,57.602675,25.111
1877,57.62657,23.895
1878,57.651357,24.787
1879,57.675819,24.462
1880,57.698161,22.342
1881,57.726511,28.35
1882,57.747864,21.353
1883,57.774891,27.027
1884,57.792864,17.973
1885,57.823003,30.139
1886,57.841749,18.746
1887,57.869364,27.615
1888,57.893157,23.793
1889,57.916688,23.531
1890,57.943371,26.683
1891,57.964211,20.84
1892,57.992576,28.365
1893,58.014469,21.893
1894,58.042817,28.348
1895,58.06453,21.713
1896,58.085766,21.236
1897,58.122913,37.147
1898,58.140141,17.228
1899,58.176669,36.528
1900,58.195926,19.257
1901,58.225733,29.807
1902,58.247356,21.623
1903,58.273931,26.575
1904,58.291795,17.864
1905,58.325721,33.926
1906,58.341262,15.541
1907,58.383343,42.081
1908,58.402296,18.953
1909,58.437945,35.649
1910,58.458791,20.846
1911,58.49458,35.789
1912,58.513564,18.984
1913,58.544335,30.771
1914,58.572315,27.98
1915,58.596669,24.354
1916,58.630173,33.504
1917,58.657395,27.222
1918,58.684886,27.491
1919,58.713352,28.466
1920,58.743488,30.136
1921,58.770947,27.459
1922,58.799327,28.38
1923,58.829209,29.882
1924,58.858838,29.629
1925,58.885317,26.479
1926,58.917744,32.427
1927,58.944201,26.457
1928,58.974466,30.265
1929,58.997924,23.458
1930,59.031296,33.372
1931,59.05879,27.494
1932,59.089154,30.364
1933,59.112757,23.603
1934,59.145506,32.749
1935,59.173211,27.705
1936,59.201055,27.844
1937,59.229528,28.473
1938,59.259121,29.593
1939,59.287967,28.846
1940,59.31536,27.393
1941,59.347278,31.918
1942,59.38849,41.212
1943,59.417421,28.931
1944,59.446037,28.616
1945,59.474,27.963
1946,59.501352,27.352
1947,59.53023,28.878
1948,59.558985,28.755
1949,59.586281,27.296
1950,59.607789,21.508
1951,59.629609,21.82
1952,59.652231,22.622
1953,59.678279,26.048
1954,59.700615,22.336
1955,59.728634,28.019
1956,59.752486,23.852
1957,59.775429,22.943
1958,59.801039,25.61
1959,59.824005,22.966
1960,59.852862,28.857
1961,59.875954,23.092
1962,59.901074,25.12
1963,59.922229,21.155
1964,59.95192,29.691
1965,59.971071,19.151
1966,59.998709,27.638
1967,60.020421,21.712
1968,60.049557,29.136
1969,60.070778,21.221
1970,60.10276,31.982
1971,60.12645,23.69
1972,60.157988,31.538
1973,60.182013,24.025
1974,60.205354,23.341
1975,60.232446,27.092
1976,60.256408,23.962
1977,60.277114,20.706
1978,60.304974,27.86
1979,60.325317,20.343
1980,60.351663,26.346
1981,60.393335,41.672
1982,60.41743,24.095
1983,60.448164,30.734
1984,60.474996,26.832
1985,60.502032,27.036
1986,60.530613,28.581
1987,60.559005,28.392
1988,60.58439,25.385
1989,60.608951,24.561
1990,60.643216,34.265
1991,60.659349,16.133
1992,60.696569,37.22
1993,60.716832,20.263
1994,60.748651,31.819
1995,60.771175,22.524
1996,60.79823,27.055
1997,60.821921,23.691
1998,60.851856,29.935
1999,60.875514,23.658
2000,60.8985,22.986
2001,60.931407,32.907
2002,60.949861,18.454
2003,60.979852,29.991
2004,61.003683,23.831
2005,61.02498,21.297
2006,61.062944,37.964
2007,61.079882,16.938
2008,61.114463,34.581
2009,61.132324,17.861
2010,61.167016,34.692
2011,61.191452,24.436
2012,61.216098,24.646
2013,61.245758,29.66
2014,61.271896,26.138
2015,61.300466,28.57
2016,61.318853,18.387
2017,61.351387,32.534
2018,61.384076,32.689
2019,61.407513,23.437
2020,61.433677,26.164
2021,61.454792,21.115
2022,61.481586,26.794
2023,61.499248,17.662
2024,61.531259,32.011
2025,61.548884,17.625
2026,61.575672,26.788
2027,61.597226,21.554
2028,61.623596,26.37
2029,61.645393,21.797
2030,61.676354,30.961
2031,61.6953,18.946
2032,61.72475,29.45
2033,61.746049,21.299
2034,61.774479,28.43
2035,61.796203,21.724
2036,61.826538,30.335
2037,61.847754,21.216
2038,61.874458,26.704
2039,61.892257,17.799
2040,61.920057,27.8
2041,61.943339,23.282
2042,61.967927,24.588
2043,61.992144,24.217
2044,62.01437,22.226
2045,62.040678,26.308
2046,62.061503,20.825
2047,62.090061,28.558
2048,62.117552,27.491
2049,62.145848,28.296
2050,62.164229,18.381
2051,62.200085,35.856
2052,62.216931,16.846
2053,62.248918,31.987
2054,62.267072,18.154
2055,62.293054,25.982
2056,62.323976,30.922
2057,62.341273,17.297
2058,62.384276,43.003
2059,62.411087,26.811
2060,62.434933,23.846
2061,62.463586,28.653
2062,62.4918,28.214
2063,62.516791,24.991
2064,62.544981,28.19
2065,62.574798,29.817
2066,62.6013,26.502
2067,62.632758,31.458
2068,62.659373,26.615
2069,62.685894,26.521
2070,62.715975,30.081
2071,62.744947,28.972
2072,62.772958,28.011
2073,62.799656,26.698
2074,62.827965,28.309
2075,62.857262,29.297
2076,62.882333,25.071
2077,62.914577,32.244
2078,62.943859,29.282
2079,62.969378,25.519
2080,62.998801,29.423
2081,63.028078,29.277
2082,63.054226,26.148
2083,63.081194,26.968
2084,63.109649,28.455
2085,63.139261,29.612
2086,63.164044,24.783
2087,63.196767,32.723
2088,63.223151,26.384
2089,63.248676,25.525
2090,63.277486,28.81
2091,63.306681,29.195
2092,63.33372,27.039
2093,63.361579,27.859
2094,63.401093,39.514
2095,63.430531,29.438
2096,63.457296,26.765
2097,63.485878,28.582
2098,63.516047,30.169
2099,63.541632,25.585
2100,63.567563,25.931
2101,63.596242,28.679
2102,63.616647,20.405
2103,63.64508,28.433
2104,63.662437,17.357
2105,63.68787,25.433
2106,63.712264,24.394
2107,63.729091,16.827
2108,63.761926,32.835
2109,63.779246,17.32
2110,63.80279,23.544
2111,63.829087,26.297
2112,63.84898,19.893
2113,63.875204,26.224
2114,63.892302,17.098
2115,63.92464,32.338
2116,63.941101,16.461
2117,63.968377,27.276
2118,63.991604,23.227
2119,64.014642,23.038
2120,64.034373,19.731
2121,64.062441,28.068
2122,64.085715,23.274
2123,64.112486,26.771
2124,64.136553,24.067
2125,64.161378,24.825
2126,64.182491,21.113
2127,64.205097,22.606
2128,64.224387,19.29
2129,64.249436,25.049
2130,64.269155,19.719
2131,64.295708,26.553
2132,64.31641,20.702
2133,64.342441,26.031
2134,64.371975,29.534
2135,64.410511,38.536
2136,64.433133,22.622
2137,64.461192,28.059
2138,64.485455,24.263
2139,64.514333,28.878
2140,64.542976,28.643
2141,64.564323,21.347
2142,64.596915,32.592
2143,64.618029,21.114
2144,64.654689,36.66
2145,64.670457,15.768
2146,64.712558,42.101
2147,64.727844,15.286
2148,64.764669,36.825
2149,64.783515,18.846
2150,64.813672,30.157
2151,64.834174,20.502
2152,64.864039,29.865
2153,64.887363,23.324
2154,64.910908,23.545
2155,64.938287,27.379
2156,64.961471,23.184
2157,64.995335,33.864
2158,65.01086,15.525
2159,65.052323,41.463
2160,65.069022,16.699
2161,65.105569,36.547
2162,65.123321,17.752
2163,65.16422,40.899
2164,65.184571,20.351
2165,65.214539,29.968
2166,65.239837,25.298
2167,65.275392,35.555
2168,65.294457,19.065
2169,65.334435,39.978
2170,65.352566,18.131
2171,65.402773,50.207
2172,65.42294,20.167
2173,65.452535,29.595
2174,65.475828,23.293
2175,65.501092,25.264
2176,65.531422,30.33
2177,65.557342,25.92
2178,65.583293,25.951
2179,65.617373,34.08
2180,65.642991,25.618
2181,65.669262,26.271
2182,65.699572,30.31
2183,65.735324,35.752
2184,65.765175,29.851
2185,65.799272,34.097
2186,65.816407,17.135
2187,65.849183,32.776
2188,65.86876,19.577
2189,65.902284,33.524
2190,65.929303,27.019
2191,65.955435,26.132
2192,65.986576,31.141
2193,66.013449,26.873
2194,66.038273,24.824
2195,66.073952,35.679
2196,66.094569,20.617
2197,66.125073,30.504
2198,66.162186,37.113
2199,66.189275,27.089
2200,66.219324,30.049
2201,66.243345,24.021
2202,66.274624,31.279
2203,66.301793,27.169
2204,66.327451,25.658
2205,66.358879,31.428
2206,66.394328,35.449
2207,66.433896,39.568
2208,66.468185,34.289
2209,66.514147,45.962
2210,66.541021,26.874
2211,66.562101,21.08
2212,66.602535,40.434
2213,66.634008,31.473
2214,66.664197,30.189
2215,66.69634,32.143
2216,66.734782,38.442
2217,66.762878,28.096
2218,66.802246,39.368
2219,66.825357,23.111
2220,66.860125,34.768
2221,66.896121,35.996
2222,66.924984,28.863
2223,66.956133,31.149
2224,66.991479,35.346
2225,67.025945,34.466
2226,67.058837,32.892
2227,67.089375,30.538
2228,67.131839,42.464
2229,67.154443,22.604
2230,67.196685,42.242
2231,67.2166360000001,19.951
2232,67.259758,43.122
2233,67.284281,24.523
2234,67.3278610000001,43.58
2235,67.3521860000001,24.325
2236,67.3905180000001,38.332
2237,67.4484530000001,57.935
2238,67.4729600000001,24.507
2239,67.4986640000001,25.704
2240,67.5328880000001,34.224
2241,67.5645270000001,31.639
2242,67.5958880000001,31.361
2243,67.6213870000001,25.499
2244,67.6581680000001,36.781
2245,67.6838020000001,25.634
2246,67.7159790000001,32.177
2247,67.7390720000001,23.093
2248,67.7745270000001,35.455
2249,67.8007680000001,26.241
2250,67.8319750000001,31.207
2251,67.8607990000001,28.824
2252,67.8867830000001,25.984
2253,67.9206490000001,33.866
2254,67.949211,28.562
2255,67.9790680000001,29.857
2256,68.0106400000001,31.572
2257,68.0420680000001,31.428
2258,68.0706170000001,28.549
2259,68.1057730000001,35.156
2260,68.1368750000001,31.102
2261,68.1717640000001,34.889
2262,68.2051990000001,33.435
2263,68.2357500000001,30.551
2264,68.2638440000001,28.094
2265,68.2962760000001,32.432
2266,68.3225140000001,26.238
2267,68.3552790000001,32.765
2268,68.3808970000001,25.618
2269,68.4341420000001,53.245
2270,68.4640170000001,29.875
2271,68.5009860000001,36.969
2272,68.5261350000001,25.149
2273,68.5656140000001,39.479
2274,68.5906160000001,25.002
2275,68.6295760000001,38.96
2276,68.6591070000001,29.531
2277,68.6972550000001,38.148
2278,68.7232150000001,25.96
2279,68.7621650000001,38.95
2280,68.7909740000001,28.809
2281,68.8248010000001,33.827
2282,68.8557770000001,30.976
2283,68.8886930000001,32.916
2284,68.9110850000001,22.392
2285,68.9522550000001,41.17
2286,68.9764260000001,24.171
2287,69.0171630000001,40.737
2288,69.0421940000001,25.031
2289,69.0827750000001,40.581
2290,69.1079810000001,25.206
2291,69.1487610000001,40.78
2292,69.1760910000001,27.33
2293,69.2134890000001,37.398
2294,69.2388630000001,25.374
2295,69.277117,38.254
2296,69.30714,30.023
2297,69.345084,37.944
2298,69.368955,23.871
2299,69.41433,45.375
2300,69.4421340000001,27.804
2301,69.4715250000001,29.391
2302,69.5023350000001,30.81
2303,69.5318980000001,29.563
2304,69.5601820000001,28.284
2305,69.5917990000001,31.617
2306,69.6171280000001,25.329
2307,69.6523000000001,35.172
2308,69.677383,25.083
2309,69.7104110000001,33.028
2310,69.7336060000001,23.195
2311,69.768607,35.001
2312,69.7933870000001,24.78
2313,69.824706,31.319
2314,69.8506810000001,25.975
2315,69.88308,32.399
2316,69.9082550000001,25.175
2317,69.9406910000001,32.436
2318,69.9691480000001,28.457
2319,70.0008410000001,31.693
2320,70.0302780000001,29.437
2321,70.0614770000001,31.199
2322,70.0879440000001,26.467
2323,70.1227120000001,34.768
2324,70.1540530000001,31.341
2325,70.1875060000001,33.453
2326,70.2181180000001,30.612
2327,70.2420700000001,23.952
2328,70.2801830000001,38.113
2329,70.3052110000001,25.028
2330,70.3368780000001,31.667
2331,70.3615240000001,24.646
2332,70.3996340000001,38.11
2333,70.4376870000001,38.053
2334,70.4775390000001,39.852
2335,70.4993740000001,21.835
2336,70.5387160000001,39.342
2337,70.5676490000001,28.933
2338,70.6068480000001,39.199
2339,70.6322710000001,25.423
2340,70.6750200000001,42.749
2341,70.7005310000001,25.511
2342,70.741628,41.097
2343,70.7669110000001,25.283
2344,70.8035340000001,36.623
2345,70.8313310000001,27.797
2346,70.8674380000001,36.107
2347,70.8924440000001,25.006
2348,70.9314530000001,39.009
2349,70.9605860000001,29.133
2350,71.0023480000001,41.762
2351,71.0268970000001,24.549
2352,71.0675140000001,40.617
2353,71.0918570000001,24.343
2354,71.1321910000001,40.334
2355,71.1575420000001,25.351
2356,71.1902470000001,32.705
2357,71.2235950000001,33.348
2358,71.2534280000001,29.833
2359,71.2925080000001,39.08
2360,71.3245530000001,32.045
2361,71.3611700000001,36.617
2362,71.3936270000001,32.457
2363,71.4464060000001,52.779
2364,71.4758630000001,29.457
2365,71.5075600000001,31.697
2366,71.5399020000001,32.342
2367,71.5711460000001,31.244
2368,71.6026300000001,31.484
2369,71.6276680000001,25.038
2370,71.6645760000001,36.908
2371,71.6901790000001,25.603
2372,71.7195100000001,29.331
2373,71.7487250000001,29.215
2374,71.7814600000001,32.735
2375,71.8069400000001,25.48
2376,71.8348310000001,27.891
2377,71.8664170000001,31.586
2378,71.8962200000001,29.803
2379,71.9270440000001,30.824
2380,71.957593,30.549
2381,71.984814,27.221
2382,72.018226,33.412
2383,72.04675,28.524
2384,72.078224,31.474
2385,72.104647,26.423
2386,72.139729,35.082
2387,72.171921,32.192
2388,72.198843,26.922
2389,72.23794,39.097
2390,72.259928,21.988
2391,72.296352,36.424
2392,72.321663,25.311
2393,72.353971,32.308
2394,72.377315,23.344
2395,72.419006,41.691
2396,72.459387,40.381
2397,72.496813,37.426
2398,72.522505,25.692
2399,72.560026,37.521
2400,72.593083,33.057
2401,72.62771,34.627
2402,72.658363,30.653
2403,72.692428,34.065
2404,72.722534,30.106
2405,72.754926,32.392
2406,72.78562,30.694
2407,72.819455,33.835
2408,72.850905,31.45
2409,72.882685,31.78
2410,72.913517,30.832
2411,72.946171,32.654
2412,72.978315,32.144
2413,72.999992,21.677
2414,73.038961,38.969
2415,73.063102,24.141
2416,73.102977,39.875
2417,73.126622,23.645
2418,73.16799,41.368
2419,73.193535,25.545
2420,73.23178,38.245
2421,73.255634,23.854
2422,73.294891,39.257
2423,73.315518,20.627
2424,73.352669,37.151
2425,73.376067,23.398
2426,73.406979,30.912
2427,73.445642,38.663
2428,73.469414,23.772
2429,73.500171,30.757
2430,73.527282,27.111
2431,73.552233,24.951
2432,73.58382,31.587
2433,73.61093,27.11
2434,73.640386,29.456
2435,73.66579,25.404
2436,73.697196,31.406
2437,73.724748,27.552
2438,73.752046,27.298
2439,73.782224,30.178
2440,73.808053,25.829
2441,73.838337,30.284
2442,73.868018,29.681
2443,73.902411,34.393
2444,73.928548,26.137
2445,73.955546,26.998
2446,73.985887,30.341
2447,74.009686,23.799
2448,74.042992,33.306
2449,74.064018,21.026
2450,74.098575,34.557
2451,74.122479,23.904
2452,74.154834,32.355
2453,74.180381,25.547
2454,74.218272,37.891
2455,74.242204,23.932
2456,74.270231,28.027
2457,74.296434,26.203
2458,74.326403,29.969
2459,74.35051,24.107
2460,74.380552,30.042
2461,74.413681,33.129
2462,74.452214,38.533
2463,74.482321,30.107
2464,74.515451,33.13
2465,74.545001,29.55
2466,74.577288,32.287
2467,74.606918,29.63
2468,74.635748,28.83
2469,74.667435,31.687
2470,74.700708,33.273
2471,74.73216,31.452
2472,74.764805,32.645
2473,74.794047,29.242
2474,74.827356,33.309
2475,74.858514,31.158
2476,74.890551,32.037
2477,74.918655,28.104
2478,74.953931,35.276
2479,74.984804,30.873
2480,75.018461,33.657
2481,75.047175,28.714
2482,75.080002,32.827
2483,75.108833,28.831
2484,75.141698,32.865
2485,75.172391,30.693
2486,75.205565,33.174
2487,75.233622,28.057
2488,75.269569,35.947
2489,75.300673,31.104
2490,75.333635,32.962
2491,75.364901,31.266
2492,75.398916,34.015
2493,75.442146,43.23
2494,75.470699,28.553
2495,75.501514,30.815
2496,75.531632,30.118
2497,75.561072,29.44
2498,75.582111,21.039
2499,75.62131,39.199
2500,75.642296,20.986
2501,75.675703,33.407
2502,75.695077,19.374
2503,75.726007,30.93
2504,75.749785,23.778
2505,75.778828,29.043
2506,75.797962,19.134
2507,75.830389,32.427
2508,75.849919,19.53
2509,75.882052,32.133
2510,75.901434,19.382
2511,75.931747,30.313
2512,75.958061,26.314
2513,75.980854,22.793
2514,76.01026,29.406
2515,76.032625,22.365
2516,76.0628919999999,30.267
2517,76.0853959999999,22.504
2518,76.1096609999999,24.265
2519,76.1439189999999,34.258
2520,76.1670919999999,23.173
2521,76.1943399999999,27.248
2522,76.2245199999999,30.18
2523,76.2503799999999,25.86
2524,76.2720529999999,21.673
2525,76.3013879999999,29.335
2526,76.3244719999999,23.084
2527,76.3538119999999,29.34
2528,76.375757,21.945
2529,76.4163629999999,40.606
2530,76.448298,31.935
2531,76.485199,36.901
2532,76.507016,21.817
2533,76.542694,35.678
2534,76.561419,18.725
2535,76.601578,40.159
2536,76.620617,19.039
2537,76.656179,35.562
2538,76.677276,21.097
2539,76.711926,34.65
2540,76.735927,24.001
2541,76.772832,36.905
2542,76.79335,20.518
2543,76.823312,29.962
2544,76.849831,26.519
2545,76.8799689999999,30.138
2546,76.8983249999999,18.356
2547,76.9343899999999,36.065
2548,76.9557699999999,21.38
2549,76.9898979999999,34.128
2550,77.0140189999999,24.121
2551,77.0510759999999,37.057
2552,77.0689999999999,17.924
2553,77.1028749999999,33.875
2554,77.1324329999999,29.558
2555,77.1597429999999,27.31
2556,77.1843069999999,24.564
2557,77.2196549999999,35.348
2558,77.2387459999999,19.091
2559,77.2755919999999,36.846
2560,77.2941779999999,18.586
2561,77.3267869999999,32.609
2562,77.3548289999999,28.042
2563,77.3773699999999,22.541
2564,77.4067279999999,29.358
2565,77.4434539999999,36.726
2566,77.4685569999999,25.103
2567,77.4958939999999,27.337
2568,77.5192639999999,23.37
2569,77.5455689999999,26.305
2570,77.5773029999999,31.734
2571,77.6017649999999,24.462
2572,77.6275019999999,25.737
2573,77.6587589999999,31.257
2574,77.6833849999999,24.626
2575,77.7063699999999,22.985
2576,77.7336359999999,27.266
2577,77.7563809999999,22.745
2578,77.7875749999999,31.194
2579,77.8122929999999,24.718
2580,77.8378729999999,25.58
2581,77.8664659999999,28.593
2582,77.8845659999999,18.1
2583,77.9159279999999,31.362
2584,77.9355219999999,19.594
2585,77.9635459999999,28.024
2586,77.9864299999999,22.884
2587,78.0181049999999,31.675
2588,78.0434879999999,25.383
2589,78.0664769999999,22.989
2590,78.0980199999999,31.543
2591,78.1241649999999,26.145
2592,78.1583489999999,34.184
2593,78.1779979999999,19.649
2594,78.2129979999999,35.0
2595,78.2344519999999,21.454
2596,78.2629789999999,28.527
2597,78.2876479999999,24.669
2598,78.3121219999999,24.474
2599,78.3406839999999,28.562
2600,78.3630089999999,22.325
2601,78.3945289999999,31.52
2602,78.4216819999999,27.153
2603,78.4642649999999,42.583
2604,78.4919089999999,27.644
2605,78.5241639999999,32.255
2606,78.5481359999999,23.972
2607,78.5811729999999,33.037
2608,78.6097939999999,28.621
2609,78.6410359999999,31.242
2610,78.6682369999999,27.201
2611,78.6976299999999,29.393
2612,78.7295059999999,31.876
2613,78.7609559999999,31.45
2614,78.7903779999999,29.422
2615,78.8212349999999,30.857
2616,78.8512549999999,30.02
2617,78.8796299999999,28.375
2618,78.9116029999999,31.973
2619,78.9444139999999,32.811
2620,78.9726909999999,28.277
2621,79.0030149999999,30.324
2622,79.0283299999999,25.315
2623,79.0625199999999,34.19
2624,79.0921899999999,29.67
2625,79.1242009999999,32.011
2626,79.1535689999999,29.368
2627,79.1830029999999,29.434
2628,79.2116449999999,28.642
2629,79.2421589999999,30.514
2630,79.2720609999999,29.902
2631,79.3035599999999,31.499
2632,79.3329279999999,29.368
2633,79.3643409999999,31.413
2634,79.3945449999999,30.204
2635,79.4272199999999,32.675
2636,79.4687569999999,41.537
2637,79.5008499999999,32.093
2638,79.5292679999999,28.418
2639,79.5591119999999,29.844
2640,79.5842649999999,25.153
2641,79.6091919999999,24.927
2642,79.6430029999999,33.811
2643,79.6642229999999,21.22
2644,79.6927569999999,28.534
2645,79.7122259999999,19.469
2646,79.7436029999999,31.377
2647,79.7629969999999,19.394
2648,79.7924839999999,29.487
2649,79.8142589999999,21.775
2650,79.8432599999999,29.001
2651,79.8655819999999,22.322
2652,79.8977349999999,32.153
2653,79.9199969999999,22.262
2654,79.9525019999999,32.505
2655,79.9738339999999,21.332
2656,79.9983369999999,24.503
2657,80.0277619999999,29.425
2658,80.0502709999999,22.509
2659,80.0779349999999,27.664
2660,80.0961379999999,18.203
2661,80.1339369999999,37.799
2662,80.1511669999999,17.23
2663,80.1874359999999,36.269
2664,80.2054809999999,18.045
2665,80.2377449999999,32.264
2666,80.2623299999999,24.585
2667,80.2854129999999,23.083
2668,80.3134449999999,28.032
2669,80.3362379999999,22.793
2670,80.3599309999999,23.693
2671,80.3901779999999,30.247
2672,80.4132509999999,23.073
2673,80.4612939999999,48.043
2674,80.4804599999999,19.166
2675,80.5150509999999,34.591
2676,80.5337889999999,18.738
2677,80.5633279999999,29.539
2678,80.5921919999999,28.864
2679,80.6104389999999,18.247
2680,80.6458539999999,35.415
2681,80.6644439999999,18.59
2682,80.7044629999999,40.019
2683,80.7252009999999,20.738
2684,80.7594049999999,34.204
2685,80.7815019999999,22.097
2686,80.8183969999999,36.895
2687,80.8406299999999,22.233
2688,80.8776409999999,37.011
2689,80.8996459999999,22.005
2690,80.9308579999999,31.212
2691,80.9582779999999,27.42
2692,80.9830899999999,24.812
2693,81.0064929999999,23.403
2694,81.0431469999999,36.654
2695,81.0634339999999,20.287
2696,81.0941229999999,30.689
2697,81.1179729999999,23.85
2698,81.1520719999999,34.099
2699,81.1712499999999,19.178
2700,81.2078069999999,36.557
2701,81.2319999999999,24.193
2702,81.2667859999999,34.786
2703,81.2898459999999,23.06
2704,81.3199849999999,30.139
2705,81.3470539999999,27.069
2706,81.3691579999999,22.104
2707,81.3989029999999,29.745
2708,81.4199979999999,21.095
2709,81.4684249999999,48.427
2710,81.4891329999999,20.708
2711,81.5164369999999,27.304
2712,81.5415369999999,25.1
2713,81.5691459999999,27.609
2714,81.5889349999999,19.789
2715,81.6202239999999,31.289
2716,81.6464889999999,26.265
2717,81.6650059999999,18.517
2718,81.6950899999999,30.084
2719,81.7107719999999,15.682
2720,81.7467639999999,35.992
2721,81.7630079999999,16.244
2722,81.7991139999999,36.106
2723,81.8120209999999,12.907
2724,81.8479399999999,35.919
2725,81.8622839999999,14.344
2726,81.8947619999999,32.478
2727,81.9124699999999,17.708
2728,81.9425659999999,30.096
2729,81.9652879999999,22.722
2730,81.9920919999999,26.804
2731,82.0158099999999,23.718
2732,82.0436409999999,27.831
2733,82.0655929999999,21.952
2734,82.0980519999999,32.459
2735,82.1212819999999,23.23
2736,82.1626919999999,41.41
2737,82.1847409999999,22.049
2738,82.2088069999999,24.066
2739,82.2378019999999,28.995
2740,82.2589489999999,21.147
2741,82.2895559999999,30.607
2742,82.3144689999999,24.913
2743,82.3437689999999,29.3
2744,82.3783799999999,34.611
2745,82.3956609999999,17.281
2746,82.4333419999999,37.681
2747,82.4720339999999,38.692
2748,82.5051889999999,33.155
2749,82.5281989999999,23.01
2750,82.5609799999999,32.781
2751,82.5786729999999,17.693
2752,82.6196999999999,41.027
2753,82.6425479999999,22.848
2754,82.6762399999999,33.692
2755,82.7002009999999,23.961
2756,82.7306529999999,30.452
2757,82.7574399999999,26.787
2758,82.7909219999999,33.482
2759,82.8158359999999,24.914
2760,82.8438679999999,28.032
2761,82.8697119999999,25.844
2762,82.9032549999999,33.543
2763,82.9332249999999,29.97
2764,82.9632469999999,30.022
2765,82.9881639999999,24.917
2766,83.0224759999999,34.312
2767,83.0490459999999,26.57
2768,83.0823629999999,33.317
2769,83.1157739999999,33.411
2770,83.1415079999999,25.734
2771,83.1749669999999,33.459
2772,83.2043309999999,29.364
2773,83.2326339999999,28.303
2774,83.2563449999999,23.711
2775,83.2909909999999,34.646
2776,83.3195109999999,28.52
2777,83.3480409999999,28.53
2778,83.3775019999999,29.461
2779,83.4031689999999,25.667
2780,83.4365819999999,33.413
2781,83.4774859999999,40.904
2782,83.5072899999999,29.804
2783,83.5356789999999,28.389
2784,83.5606959999999,25.017
2785,83.5859439999999,25.248
2786,83.6199169999999,33.973
2787,83.6430049999999,23.088
2788,83.6689029999999,25.898
2789,83.6944449999999,25.542
2790,83.7183669999999,23.922
2791,83.7468699999999,28.503
2792,83.7689849999999,22.115
2793,83.8009569999999,31.972
2794,83.8264959999999,25.539
2795,83.8504769999999,23.981
2796,83.8795079999999,29.031
2797,83.8979399999999,18.432
2798,83.9302299999999,32.29
2799,83.9494099999999,19.18
2800,83.9832789999999,33.869
2801,84.0021119999999,18.833
2802,84.0324329999999,30.321
2803,84.0586909999999,26.258
2804,84.0806339999999,21.943
2805,84.1131099999999,32.476
2806,84.1374119999999,24.302
2807,84.1632409999999,25.829
2808,84.1879609999999,24.72
2809,84.2191399999999,31.179
2810,84.2410149999999,21.875
2811,84.2694919999999,28.477
2812,84.2928669999999,23.375
2813,84.3183059999999,25.439
2814,84.3433899999999,25.084
2815,84.3720579999999,28.668
2816,84.3977219999999,25.664
2817,84.4295729999999,31.851
2818,84.4724559999999,42.883
2819,84.5059329999999,33.477
2820,84.5283729999999,22.44
2821,84.5618219999999,33.449
2822,84.5810939999999,19.272
2823,84.6186999999999,37.606
2824,84.6399879999999,21.288
2825,84.6761769999999,36.189
2826,84.6950459999999,18.869
2827,84.7354779999999,40.432
2828,84.7570909999999,21.613
2829,84.7949819999999,37.891
2830,84.8147179999999,19.736
2831,84.8457069999999,30.989
2832,84.8699889999999,24.282
2833,84.9001139999999,30.125
2834,84.9278719999999,27.758
2835,84.9519239999999,24.052
2836,84.9844659999999,32.542
2837,85.0033959999999,18.93
2838,85.0401769999999,36.781
2839,85.0614039999999,21.227
2840,85.0956729999999,34.269
2841,85.1196969999999,24.024
2842,85.1585629999999,38.866
2843,85.1772299999999,18.667
2844,85.2107329999999,33.503
2845,85.2368559999999,26.123
2846,85.2656049999999,28.749
2847,85.2963499999999,30.745
2848,85.3175479999999,21.198
2849,85.3485499999999,31.002
2850,85.3728769999999,24.327
2851,85.4037689999999,30.892
2852,85.4201599999999,16.391
2853,85.4670699999999,46.91
2854,85.4888069999999,21.737
2855,85.5158029999999,26.996
2856,85.5395999999999,23.797
2857,85.5682679999999,28.668
2858,85.5873439999999,19.076
2859,85.6172159999999,29.872
2860,85.6390499999999,21.834
2861,85.6661429999999,27.093
2862,85.6839869999999,17.844
2863,85.7150789999999,31.092
2864,85.7337119999999,18.633
2865,85.7662049999999,32.493
2866,85.7833709999999,17.166
2867,85.8191269999999,35.756
2868,85.8432739999999,24.147
2869,85.8655959999999,22.322
2870,85.8861999999999,20.604
2871,85.9151759999999,28.976
2872,85.9372679999999,22.092
2873,85.9651119999999,27.844
2874,85.9845179999999,19.406
2875,86.0147059999999,30.188
2876,86.0335699999999,18.864
2877,86.0635609999999,29.991
2878,86.0824839999999,18.923
2879,86.1193079999999,36.824
2880,86.1379779999999,18.67
2881,86.1774279999999,39.45
2882,86.1942059999999,16.778
2883,86.2221039999999,27.898
2884,86.2467959999999,24.692
2885,86.2704589999999,23.663
2886,86.2966959999999,26.237
2887,86.3203399999999,23.644
2888,86.3454699999999,25.13
2889,86.3695789999999,24.109
2890,86.4008709999999,31.292
2891,86.4282269999999,27.356
2892,86.4607999999998,32.573
2893,86.4951199999998,34.32
2894,86.5236819999998,28.562
2895,86.5482779999998,24.596
2896,86.5800589999998,31.781
2897,86.6071069999998,27.048
2898,86.6373779999998,30.271
2899,86.6635009999998,26.123
2900,86.6973929999998,33.892
2901,86.7252369999998,27.844
2902,86.7553159999998,30.079
2903,86.7833789999998,28.063
2904,86.8123989999998,29.02
2905,86.8411399999998,28.741
2906,86.8716769999998,30.537
2907,86.8997539999998,28.077
2908,86.9283689999998,28.615
2909,86.9577349999998,29.366
2910,86.9886169999998,30.882
2911,87.0161509999998,27.534
2912,87.0421389999998,25.988
2913,87.0715639999998,29.425
2914,87.1016259999998,30.062
2915,87.1301029999998,28.477
2916,87.1581279999998,28.025
2917,87.1907479999998,32.62
2918,87.2099569999998,19.209
2919,87.2429139999998,32.957
2920,87.2651199999998,22.206
2921,87.2950209999998,29.901
2922,87.3235979999998,28.577
2923,87.3512009999998,27.603
2924,87.3815919999998,30.391
2925,87.4122399999998,30.648
2926,87.4396639999998,27.424
2927,87.4821049999998,42.441
2928,87.5136259999998,31.521
2929,87.5402959999998,26.67
2930,87.5682749999998,27.979
2931,87.5871469999998,18.872
2932,87.6182369999998,31.09
2933,87.6437969999998,25.56
2934,87.6687359999998,24.939
2935,87.6924559999998,23.72
2936,87.7169649999998,24.509
2937,87.7436449999998,26.68
2938,87.7660489999998,22.404
2939,87.7946599999998,28.611
2940,87.8168989999998,22.239
2941,87.8482499999998,31.351
2942,87.8698699999998,21.62
2943,87.8974959999998,27.626
2944,87.9152929999998,17.797
2945,87.9477869999998,32.494
2946,87.9656539999998,17.867
2947,87.9966669999998,31.013
2948,88.0155599999998,18.893
2949,88.0461829999998,30.623
2950,88.0651719999998,18.989
2951,88.1016229999998,36.451
2952,88.1200139999998,18.391
2953,88.1583479999998,38.334
2954,88.1761899999998,17.842
2955,88.2065599999998,30.37
2956,88.2285279999998,21.968
2957,88.2555329999998,27.005
2958,88.2733459999998,17.813
2959,88.3048589999998,31.513
2960,88.3223189999998,17.46
2961,88.3520409999998,29.722
2962,88.3710779999998,19.037
2963,88.4097579999998,38.68
2964,88.4263999999998,16.642
2965,88.4763419999998,49.942
2966,88.4995349999998,23.193
2967,88.5363729999998,36.838
2968,88.5559329999998,19.56
2969,88.5903649999998,34.432
2970,88.6094549999998,19.09
2971,88.6464289999998,36.974
2972,88.6647389999998,18.31
2973,88.7033619999998,38.623
2974,88.7234919999998,20.13
2975,88.7569169999998,33.425
2976,88.7811999999998,24.283
2977,88.8108109999998,29.611
2978,88.8341789999998,23.368
2979,88.8659529999998,31.774
2980,88.8843449999998,18.392
2981,88.9190609999998,34.716
2982,88.9403959999998,21.335
2983,88.9712259999998,30.83
2984,88.9983469999998,27.121
2985,89.0275059999998,29.159
2986,89.0517609999998,24.255
2987,89.0828459999998,31.085
2988,89.1088299999998,25.984
2989,89.1392209999998,30.391
2990,89.1687149999998,29.494
2991,89.1922499999998,23.535
2992,89.2224919999998,30.242
2993,89.2494549999998,26.963
2994,89.2759189999998,26.464
2995,89.3047899999998,28.871
2996,89.3318509999998,27.061
2997,89.3541709999998,22.32
2998,89.3856999999998,31.529
2999,89.4074379999998,21.738
3000,89.4367249999998,29.287
3001,89.4599849999998,23.26
3002,89.4987169999998,38.732
3003,89.5218839999998,23.167
3004,89.5483609999998,26.477
3005,89.5687909999998,20.43
3006,89.5961789999998,27.388
3007,89.6219719999998,25.793
3008,89.6517709999998,29.799
3009,89.6760449999998,24.274
3010,89.6996859999998,23.641
3011,89.7286889999998,29.003
3012,89.7501739999998,21.485
3013,89.7794059999998,29.232
3014,89.8011119999998,21.706
3015,89.8299819999998,28.87
3016,89.8521609999998,22.179
3017,89.8820959999998,29.935
3018,89.9025399999998,20.444
3019,89.9321559999998,29.616
3020,89.9556759999998,23.52
3021,89.9780609999998,22.385
3022,90.0092919999998,31.231
3023,90.0306029999998,21.311
3024,90.0588649999998,28.262
3025,90.0802899999998,21.425
3026,90.1089819999998,28.692
3027,90.1368919999998,27.91
3028,90.1663809999998,29.489
3029,90.1909869999998,24.606
3030,90.2204359999998,29.449
3031,90.2455479999998,25.112
3032,90.2697279999998,24.18
3033,90.2949329999998,25.205
3034,90.3169559999998,22.023
3035,90.3443029999998,27.347
3036,90.3699639999998,25.661
3037,90.4023019999998,32.338
3038,90.4266719999998,24.37
3039,90.4553459999998,28.674
3040,90.4987219999998,43.376
3041,90.5249649999998,26.243
3042,90.5518749999998,26.91
3043,90.5827089999998,30.834
3044,90.6099999999998,27.291
3045,90.6326299999998,22.63
3046,90.6646989999998,32.069
3047,90.6934569999998,28.758
3048,90.7150189999998,21.562
3049,90.7515559999998,36.537
3050,90.7731419999998,21.586
3051,90.8095359999998,36.394
3052,90.8247769999998,15.241
3053,90.8634849999998,38.708
3054,90.8840589999998,20.574
3055,90.9174159999998,33.357
3056,90.9414869999998,24.071
3057,90.9791709999998,37.684
3058,90.9948069999998,15.636
3059,91.0328899999998,38.083
3060,91.0528449999998,19.955
3061,91.0898359999998,36.991
3062,91.1071199999998,17.284
3063,91.1517809999998,44.661
3064,91.1670609999998,15.28
3065,91.1981869999998,31.126
3066,91.2261379999998,27.951
3067,91.2525469999998,26.409
3068,91.2808879999998,28.341
3069,91.3057089999998,24.821
3070,91.3386799999998,32.971
3071,91.3551849999998,16.505
3072,91.3873399999998,32.155
3073,91.4152519999998,27.912
3074,91.4413819999998,26.13
3075,91.4726639999998,31.282
3076,91.5141099999998,41.446
3077,91.5420279999998,27.918
3078,91.5657579999998,23.73
3079,91.5968329999998,31.075
3080,91.6171239999998,20.291
3081,91.6432129999998,26.089
3082,91.6678869999998,24.674
3083,91.6960699999998,28.183
3084,91.7113299999998,15.26
3085,91.7447849999998,33.455
3086,91.7609679999998,16.183
3087,91.7921319999998,31.164
3088,91.8086239999998,16.492
3089,91.8356539999998,27.03
3090,91.8586419999998,22.988
3091,91.8813359999998,22.694
3092,91.9105079999998,29.172
3093,91.9313129999998,20.805
3094,91.9583029999998,26.99
3095,91.9757719999998,17.469
3096,92.0033409999998,27.569
3097,92.0283229999998,24.982
3098,92.0494469999998,21.124
3099,92.0746579999998,25.211
3100,92.0987959999998,24.138
3101,92.1273769999998,28.581
3102,92.1530689999998,25.692
3103,92.1815499999998,28.481
3104,92.2000599999998,18.51
3105,92.2296839999998,29.624
3106,92.2528199999998,23.136
3107,92.2769979999998,24.178
3108,92.3021799999998,25.182
3109,92.3258479999998,23.668
3110,92.3485659999998,22.718
3111,92.3789579999998,30.392
3112,92.4027159999998,23.758
3113,92.4312259999998,28.51
3114,92.4515959999998,20.37
3115,92.5059849999998,54.389
3116,92.5180769999998,12.092
3117,92.5546059999998,36.529
3118,92.5760139999998,21.408
3119,92.6032529999998,27.239
3120,92.6316759999998,28.423
3121,92.6589469999998,27.271
3122,92.6862899999998,27.343
3123,92.7163329999998,30.043
3124,92.7425699999998,26.237
3125,92.7687269999998,26.157
3126,92.7983089999998,29.582
3127,92.8164779999998,18.169
3128,92.8567239999998,40.246
3129,92.8767399999998,20.016
3130,92.9050599999998,28.32
3131,92.9291749999998,24.115
3132,92.9531209999998,23.946
3133,92.9833379999998,30.217
3134,93.0004069999998,17.069
3135,93.0351449999998,34.738
3136,93.0526429999998,17.498
3137,93.0916179999998,38.975
3138,93.1117579999998,20.14
3139,93.1443409999998,32.583
3140,93.1673099999998,22.969
3141,93.2010709999998,33.761
3142,93.2238149999998,22.744
3143,93.2590559999998,35.241
3144,93.2765829999998,17.527
3145,93.3115779999998,34.995
3146,93.3290579999998,17.48
3147,93.3620779999998,33.02
3148,93.3794139999998,17.336
3149,93.4088749999998,29.461
3150,93.4337619999998,24.887
3151,93.4553709999998,21.609
3152,93.4974059999998,42.035
3153,93.5145069999998,17.101
3154,93.5450829999998,30.576
3155,93.5660189999998,20.936
3156,93.5908039999998,24.785
3157,93.6141189999998,23.315
3158,93.6410509999998,26.932
3159,93.6641299999998,23.079
3160,93.6869539999998,22.824
3161,93.7133069999998,26.353
3162,93.7349849999998,21.678
3163,93.7667869999998,31.802
3164,93.7908159999998,24.029
3165,93.8149189999997,24.103
3166,93.8417339999997,26.815
3167,93.8636629999997,21.929
3168,93.8923699999997,28.707
3169,93.9134759999997,21.106
3170,93.9425999999997,29.124
3171,93.9641769999997,21.577
3172,93.9958169999997,31.64
3173,94.0165039999997,20.687
3174,94.0474389999997,30.935
3175,94.0673239999997,19.885
3176,94.0968419999997,29.518
3177,94.1213549999997,24.513
3178,94.1516189999997,30.264
3179,94.1693959999997,17.777
3180,94.2049829999997,35.587
3181,94.2226429999997,17.66
3182,94.2577949999997,35.152
3183,94.2752109999997,17.416
3184,94.3054239999997,30.213
3185,94.3262789999997,20.855
3186,94.3558979999997,29.619
3187,94.3840159999997,28.118
3188,94.4076889999997,23.673
3189,94.4373469999997,29.658
3190,94.4606209999997,23.274
3191,94.4943189999997,33.698
3192,94.5179829999997,23.664
3193,94.5481019999997,30.119
3194,94.5744429999997,26.341
3195,94.6019799999997,27.537
3196,94.6323949999997,30.415
3197,94.6628479999997,30.453
3198,94.6909789999997,28.131
3199,94.7182099999997,27.231
3200,94.7498029999997,31.593
3201,94.7791699999997,29.367
3202,94.8067959999997,27.626
3203,94.8349469999997,28.151
3204,94.8641519999997,29.205
3205,94.8949649999997,30.813
3206,94.9232699999997,28.305
3207,94.9512089999997,27.939
3208,94.9824159999997,31.207
3209,95.0135489999997,31.133
3210,95.0417979999997,28.249
3211,95.0686589999997,26.861
3212,95.0995429999997,30.884
3213,95.1309659999997,31.423
3214,95.1755679999997,44.602
3215,95.2046359999997,29.068
3216,95.2341859999997,29.55
3217,95.2624439999997,28.258
3218,95.2909069999997,28.463
3219,95.3170499999997,26.143
3220,95.3486299999997,31.58
3221,95.3794109999997,30.781
3222,95.4060949999997,26.684
3223,95.4345819999997,28.487
3224,95.4669599999997,32.378
3225,95.4968019999997,29.842
3226,95.5256869999997,28.885
3227,95.5544359999997,28.749
3228,95.5836949999997,29.259
3229,95.6022619999997,18.567
3230,95.6362399999997,33.978
3231,95.6580219999997,21.782
3232,95.6822199999997,24.198
3233,95.7112729999997,29.053
3234,95.7325069999997,21.234
3235,95.7601679999997,27.661
3236,95.7783489999997,18.181
3237,95.8113029999997,32.954
3238,95.8288799999997,17.577
3239,95.8594779999997,30.598
3240,95.8772669999997,17.789
3241,95.9022479999997,24.981
3242,95.9294059999997,27.158
3243,95.9492369999997,19.831
3244,95.9784279999997,29.191
3245,95.9990169999997,20.589
3246,96.0279479999997,28.931
3247,96.0484909999997,20.543
3248,96.0749249999997,26.434
3249,96.0918119999997,16.887
3250,96.1475589999997,55.747
3251,96.1627689999997,15.21
3252,96.1991109999997,36.342
3253,96.2149209999997,15.81
3254,96.2457469999997,30.826
3255,96.2619829999997,16.236
3256,96.2905809999997,28.598
3257,96.3106859999997,20.105
3258,96.3364589999997,25.773
3259,96.3569549999997,20.496
3260,96.3965959999997,39.641
3261,96.4129209999997,16.325
3262,96.4494119999997,36.491
3263,96.4665589999997,17.147
3264,96.5055409999997,38.982
3265,96.5244239999997,18.883
3266,96.5595049999997,35.081
3267,96.5752449999997,15.74
3268,96.6115019999997,36.257
3269,96.6308869999997,19.385
3270,96.6633949999997,32.508
3271,96.6847149999997,21.32
3272,96.7156839999997,30.969
3273,96.7330519999997,17.368
3274,96.7668929999997,33.841
3275,96.7838999999997,17.007
3276,96.8122939999998,28.394
3277,96.8345819999998,22.288
3278,96.8651959999998,30.614
3279,96.8923059999997,27.11
3280,96.9096949999997,17.389
3281,96.9472009999997,37.506
3282,96.9634239999997,16.223
3283,96.9982959999997,34.872
3284,97.0143969999997,16.101
3285,97.0522689999997,37.872
3286,97.0685459999997,16.277
3287,97.1083069999997,39.761
3288,97.1265259999997,18.219
3289,97.1762889999997,49.763
3290,97.1919419999997,15.653
3291,97.2231809999997,31.239
3292,97.2497019999997,26.521
3293,97.2724689999997,22.767
3294,97.2960489999997,23.58
3295,97.3279559999997,31.907
3296,97.3445459999997,16.59
3297,97.3700489999997,25.503
3298,97.3936519999997,23.603
3299,97.4154969999997,21.845
3300,97.4439949999997,28.498
3301,97.4626869999997,18.692
3302,97.4864909999997,23.804
3303,97.5102049999997,23.714
3304,97.5322489999997,22.044
3305,97.5520799999997,19.831
3306,97.5791699999997,27.09
3307,97.5975639999997,18.394
3308,97.6274099999997,29.846
3309,97.6455889999997,18.179
3310,97.6694429999997,23.854
3311,97.6882409999997,18.798
3312,97.7180449999997,29.804
3313,97.7334819999997,15.437
3314,97.7562999999997,22.818
3315,97.7836699999997,27.37
3316,97.7990519999997,15.382
3317,97.8254539999997,26.402
3318,97.8483219999997,22.868
3319,97.8714129999997,23.091
3320,97.8962429999997,24.83
3321,97.9201649999997,23.922
3322,97.9410509999997,20.886
3323,97.9673869999997,26.336
3324,97.9936459999997,26.259
3325,98.0125339999997,18.888
3326,98.0368009999997,24.267
3327,98.0674149999997,30.614
3328,98.0930189999997,25.604
3329,98.1137439999997,20.725
3330,98.1550409999997,41.297
3331,98.1807029999997,25.662
3332,98.2027979999997,22.095
3333,98.2315879999997,28.79
3334,98.2497849999997,18.197
3335,98.2767619999997,26.977
3336,98.3007719999997,24.01
3337,98.3186789999997,17.907
3338,98.3383809999997,19.702
3339,98.3756119999997,37.231
3340,98.3896409999997,14.029
3341,98.4271379999997,37.497
3342,98.4414029999997,14.265
3343,98.4797589999997,38.356
3344,98.4930629999997,13.304
3345,98.5293869999997,36.324
3346,98.5453879999997,16.001
3347,98.5779479999997,32.56
3348,98.5914069999997,13.459
3349,98.6314679999997,40.061
3350,98.6489629999997,17.495
3351,98.6866389999997,37.676
3352,98.7006219999997,13.983
3353,98.7380069999997,37.385
3354,98.7518089999997,13.802
3355,98.7911749999997,39.366
3356,98.8151939999997,24.019
3357,98.8401779999997,24.984
3358,98.8732759999997,33.098
